codigo_no_vigente,descripcion_no_vigente,accion,codigo_reemplazo,descripcion_reemplazo
012300,REAPERTURA DE CRANEOTOMIA SOD,REEMPLAZA A,012301,REAPERTURA DE CRANEOTOMIA
024100,IRRIGACION DE DERIVACION VENTRICULAR SOD,REEMPLAZA A,024101,IRRIGACION DE DERIVACION VENTRICULAR
025000,IMPLANTE DE CATETER (INTRAVENTRICULAR - INTRACISTICO) CON RESERVORIO SUBCUTANEO SOD,REEMPLAZA A,025001,IMPLANTE DE CATETER (INTRAVENTRICULAR - INTRACISTICO) CON RESERVORIO SUBCUTANEO
028100,LISIS DE ADHERENCIAS CORTICALES SOD,REEMPLAZA A,028101,LISIS DE ADHERENCIAS CORTICALES
038100,INYECCIONES NEUROLITICAS SUBARACNOIDEAS SOD,REEMPLAZA A,038101,INYECCIONES NEUROLITICAS SUBARACNOIDEAS
038200,NEUROLISIS DE RAICES ESPINALES SOD,REEMPLAZA A,038201,NEUROLISIS DE RAICES ESPINALES
039500,PARCHE HEMATICO EPIDURAL EN CANAL ESPINAL SOD,REEMPLAZA A,039501,PARCHE HEMATICO EPIDURAL EN CANAL ESPINAL
039700,REEMPLAZO - IRRIGACION O REVISION DE DERIVACION ESPINAL SOD,REEMPLAZA A,039701,REEMPLAZO - IRRIGACION O REVISION DE DERIVACION ESPINAL
039800,RETIRO DE DERIVACION ESPINAL SOD,REEMPLAZA A,039801,RETIRO DE DERIVACION ESPINAL
040500,GANGLIONECTOMIA DE GASSER SOD,REEMPLAZA A,040501,GANGLIONECTOMIA DE GASSER
041200,BIOPSIA ABIERTA DE NERVIO O GANGLIO PERIFERICO SOD,REEMPLAZA A,041201,BIOPSIA ABIERTA DE NERVIO O GANGLIO PERIFERICO
051100,BIOPSIA DE NERVIO O GANGLIO SIMPATICO SOD,REEMPLAZA A,051101,BIOPSIA DE NERVIO O GANGLIO SIMPATICO
052200,SIMPATECTOMIA CERVICAL SOD,REEMPLAZA A,052201,SIMPATECTOMIA CERVICAL
052300,SIMPATECTOMIA LUMBAR SOD,REEMPLAZA A,052301,SIMPATECTOMIA LUMBAR
052500,SIMPATECTOMIA PERIARTERIAL SOD,REEMPLAZA A,052501,SIMPATECTOMIA PERIARTERIAL
055200,DESCOMPRESION DE PLEJO O TRONCO (CERVICAL - LUMBAR O SACRO) SOD,REEMPLAZA A,055201,DESCOMPRESION DE PLEJO O TRONCO (CERVICAL - LUMBAR O SACRO)
069400,REIMPLANTE DE TEJIDO TIROIDEO (AUTOLOGO) SOD,REEMPLAZA A,069401,REIMPLANTE DE TEJIDO TIROIDEO (AUTOLOGO)
071300,BIOPSIA DE HIPOFISIS - VIA TRANSFRONTAL SOD,REEMPLAZA A,071301,BIOPSIA DE HIPOFISIS - VIA TRANSFRONTAL
071700,BIOPSIA DE GLANDULA PINEAL SOD,REEMPLAZA A,071701,BIOPSIA DE GLANDULA PINEAL
075300,ESCISION PARCIAL DE GLANDULA PINEAL SOD,REEMPLAZA A,075301,ESCISION PARCIAL DE GLANDULA PINEAL
075400,ESCISION TOTAL DE GLANDULA PINEAL [PINEALECTOMIA] SOD,REEMPLAZA A,075401,ESCISION TOTAL DE GLANDULA PINEAL [PINEALECTOMIA]
076100,ESCISION PARCIAL DE HIPOFISIS - VIA TRANSFRONTAL SOD,REEMPLAZA A,076101,ESCISION PARCIAL DE HIPOFISIS - VIA TRANSFRONTAL
076400,ESCISION TOTAL DE HIPOFISIS - VIA TRANSFRONTAL SOD,REEMPLAZA A,076401,ESCISION TOTAL DE HIPOFISIS - VIA TRANSFRONTAL
076500,ESCISION TOTAL DE HIPOFISIS - VIA TRANSESFENOIDAL SOD,REEMPLAZA A,076501,ESCISION TOTAL DE HIPOFISIS - VIA TRANSESFENOIDAL
088600,RITIDECTOMIA DE PARPADO INFERIOR SOD,REEMPLAZA A,088601,RITIDECTOMIA DE PARPADO INFERIOR
088700,RITIDECTOMIA DE PARPADO SUPERIOR SOD,REEMPLAZA A,088701,RITIDECTOMIA DE PARPADO SUPERIOR
117800,TERMOQUERATOPLASTIA SOD,REEMPLAZA A,117801,TERMOQUERATOPLASTIA
180100,DRENAJE DE COLECCION DE PABELLON AURICULAR SOD,REEMPLAZA A,180101,DRENAJE DE COLECCION DE PABELLON AURICULAR
180200,DRENAJE DE COLECCION DE CONDUCTO AUDITIVO EXTERNO SOD,REEMPLAZA A,180201,DRENAJE DE COLECCION DE CONDUCTO AUDITIVO EXTERNO
182100,RESECCION DE FISTULA O QUISTE PREAURICULAR SOD,REEMPLAZA A,182101,RESECCION DE FISTULA O QUISTE PREAURICULAR
182200,RESECCION DE APENDICE PREAURICULAR SOD,REEMPLAZA A,182201,RESECCION DE APENDICE PREAURICULAR
182300,RESECCION DE QUISTE DE PABELLON AURICULAR SOD,REEMPLAZA A,182301,RESECCION DE QUISTE DE PABELLON AURICULAR
184100,SUTURA DE LACERACION DE PABELLON AURICULAR SOD,REEMPLAZA A,184101,SUTURA DE LACERACION DE PABELLON AURICULAR
187200,REIMPLANTE DE AURICULA (PABELLON AURICULAR) SOD,REEMPLAZA A,187201,REIMPLANTE DE AURICULA (PABELLON AURICULAR)
199300,MASTOIDOPLASTIA SOD,REEMPLAZA A,199301,MASTOIDOPLASTIA
209100,REVISION DE MASTOIDECTOMIAS O MASTOIDOPLASTIAS SOD,REEMPLAZA A,209101,REVISION DE MASTOIDECTOMIAS O MASTOIDOPLASTIAS
231100,EXODONCIA QUIRURGICA UNIRRADICULAR SOD,REEMPLAZA A,231101,EXODONCIA QUIRURGICA UNIRRADICULAR
231200,EXODONCIA QUIRURGICA MULTIRRADICULAR SOD,REEMPLAZA A,231201,EXODONCIA QUIRURGICA MULTIRRADICULAR
231400,EXODONCIAS MULTIPLES CON ALVEOLOPLASTIA - POR CUADRANTE SOD,REEMPLAZA A,231401,EXODONCIAS MULTIPLES CON ALVEOLOPLASTIA - POR CUADRANTE
231500,COLGAJO DESPLAZADO PARA ABORDAJE DE DIENTE RETENIDO (VENTANA QUIRURGICA) SOD,REEMPLAZA A,231501,COLGAJO DESPLAZADO PARA ABORDAJE DE DIENTE RETENIDO (VENTANA QUIRURGICA)
232200,OBTURACION TEMPORAL POR DIENTE SOD,REEMPLAZA A,232201,OBTURACION TEMPORAL POR DIENTE
232300,COLOCACION DE PIN MILIMETRICO SOD,REEMPLAZA A,232301,COLOCACION DE PIN MILIMETRICO
235100,REIMPLANTE DE DIENTE SOD,REEMPLAZA A,235101,REIMPLANTE DE DIENTE
235200,TRASPLANTE DE DIENTE (INTENCIONAL) SOD,REEMPLAZA A,235201,TRASPLANTE DE DIENTE (INTENCIONAL)
236100,IMPLANTE ALOPLASTICO CERAMICO SOD,REEMPLAZA A,236101,IMPLANTE ALOPLASTICO CERAMICO
236200,IMPLANTE ALOPLASTICO METALICO SOD,REEMPLAZA A,236201,IMPLANTE ALOPLASTICO METALICO
237800,HEMISECCION DEL DIENTE SOD,REEMPLAZA A,237801,HEMISECCION DEL DIENTE
240200,DETARTRAJE SUBGINGIVAL SOD,REEMPLAZA A,240201,DETARTRAJE SUBGINGIVAL
240300,ALISADO RADICULAR - CAMPO CERRADO SOD,REEMPLAZA A,240301,ALISADO RADICULAR - CAMPO CERRADO
240400,DRENAJE DE COLECCION PERIODONTAL (CERRADO CON ALISADO RADICULAR) SOD,REEMPLAZA A,240401,DRENAJE DE COLECCION PERIODONTAL (CERRADO CON ALISADO RADICULAR)
241200,BIOPSIA DE PARED ALVEOLAR SOD,REEMPLAZA A,241201,BIOPSIA DE PARED ALVEOLAR
242300,PLASTIAS PREPROTESICAS (AUMENTO DE CORONA CLINICA) SOD,REEMPLAZA A,242301,PLASTIAS PREPROTESICAS (AUMENTO DE CORONA CLINICA)
242400,REPARACION O PLASTIA PERIODONTAL REGENERATIVA (INJERTOS - MEMBRANAS) SOD,REEMPLAZA A,242401,REPARACION O PLASTIA PERIODONTAL REGENERATIVA (INJERTOS - MEMBRANAS)
243400,GINGIVECTOMIA SOD,REEMPLAZA A,243401,GINGIVECTOMIA
245100,REGULARIZACION DE REBORDES SOD,REEMPLAZA A,245101,REGULARIZACION DE REBORDES
245200,ALVEOLECTOMIA SOD,REEMPLAZA A,245201,ALVEOLECTOMIA
247300,COLOCACION DE APARATOS DE RETENCION SOD,REEMPLAZA A,247301,COLOCACION DE APARATOS DE RETENCION
248100,CIERRE DE DIASTEMA (ALVEOLAR - DENTAL) SOD,REEMPLAZA A,248101,CIERRE DE DIASTEMA (ALVEOLAR - DENTAL)
248200,AJUSTAMIENTO OCLUSAL SOD,REEMPLAZA A,248201,AJUSTAMIENTO OCLUSAL
248400,REPARACION DE APARATOLOGIA FIJA O REMOVIBLE SOD,REEMPLAZA A,248401,REPARACION DE APARATOLOGIA FIJA O REMOVIBLE
249100,CONTROL DE HEMORRAGIA DENTAL POSQUIRURGICA SOD,REEMPLAZA A,249101,CONTROL DE HEMORRAGIA DENTAL POSQUIRURGICA
274400,RESECCION DE FOSETAS LABIALES SOD,REEMPLAZA A,274401,RESECCION DE FOSETAS LABIALES
275500,INJERTO DE PIEL DE GROSOR TOTAL APLICADO AL LABIO Y CAVIDAD BUCAL SOD,REEMPLAZA A,275501,INJERTO DE PIEL DE GROSOR TOTAL APLICADO AL LABIO Y CAVIDAD BUCAL
319500,FISTULIZACION TRAQUEOESOFAGICA SOD,REEMPLAZA A,319501,FISTULIZACION TRAQUEOESOFAGICA
359200,CREACION DE CONDUCTO ENTRE EL VENTRICULO DERECHO Y LA ARTERIA PULMONAR SOD,REEMPLAZA A,359201,CREACION DE CONDUCTO ENTRE EL VENTRICULO DERECHO Y LA ARTERIA PULMONAR
359300,CREACION DE CONDUCTO ENTRE EL VENTRICULO IZQUIERDO Y LA AORTA SOD,REEMPLAZA A,359301,CREACION DE CONDUCTO ENTRE EL VENTRICULO IZQUIERDO Y LA AORTA
360300,ANGIOPLASTIA DE ARTERIA CORONARIA CON TORAX ABIERTO SOD,REEMPLAZA A,360301,ANGIOPLASTIA DE ARTERIA CORONARIA CON TORAX ABIERTO
373200,ESCISION DE ANEURISMA DE CORAZON SOD,REEMPLAZA A,373201,ESCISION DE ANEURISMA DE CORAZON
373600,EXTRACCION DE CUERPO EXTRAÑO INTRACARDIACO SOD,REEMPLAZA A,373601,EXTRACCION DE CUERPO EXTRAÑO INTRACARDIACO
373700,EXTRACCION DE CUERPO EXTRAÑO INTRAPERICARDICO SOD,REEMPLAZA A,373701,EXTRACCION DE CUERPO EXTRAÑO INTRAPERICARDICO
374100,CARDIORRAFIA SOD,REEMPLAZA A,374101,CARDIORRAFIA
374200,REPARACION DE CORAZON POR RUPTURA POSTINFARTO SOD,REEMPLAZA A,374201,REPARACION DE CORAZON POR RUPTURA POSTINFARTO
374300,PERICARDIORRAFIA SOD,REEMPLAZA A,374301,PERICARDIORRAFIA
376100,IMPLANTACION DE BALON CONTRAPULSACION SOD,REEMPLAZA A,376101,IMPLANTACION DE BALON CONTRAPULSACION
376400,EXTRACCION O RETIRO DE SISTEMA DE ASISTENCIA CARDIACA SOD,REEMPLAZA A,376401,EXTRACCION O RETIRO DE SISTEMA DE ASISTENCIA CARDIACA
379100,MASAJE CARDIACO A TORAX ABIERTO SOD,REEMPLAZA A,379101,MASAJE CARDIACO A TORAX ABIERTO
379200,INYECCION DE SUSTANCIA TERAPEUTICA EN CORAZON SOD,REEMPLAZA A,379201,INYECCION DE SUSTANCIA TERAPEUTICA EN CORAZON
380500,TROMBOEMBOLECTOMIA EN VASOS ESPINALES SOD,REEMPLAZA A,380501,TROMBOEMBOLECTOMIA EN VASOS ESPINALES
381400,ENDARTERECTOMIA DE AORTA SOD,REEMPLAZA A,381401,ENDARTERECTOMIA DE AORTA
382200,ANGIOSCOPIA PERCUTANEA SOD,REEMPLAZA A,382201,ANGIOSCOPIA PERCUTANEA
384400,RESECCION CON SUSTITUCION DE AORTA ABDOMINAL SOD,REEMPLAZA A,384401,RESECCION CON SUSTITUCION DE AORTA ABDOMINAL
384500,RESECCION CON SUSTITUCION DE VASOS TORACICOS SOD,REEMPLAZA A,384501,RESECCION CON SUSTITUCION DE VASOS TORACICOS
384600,RESECCION CON SUSTITUCION DE ARTERIAS ABDOMINALES SOD,REEMPLAZA A,384601,RESECCION CON SUSTITUCION DE ARTERIAS ABDOMINALES
384700,RESECCION CON SUSTITUCION DE VENAS ABDOMINALES SOD,REEMPLAZA A,384701,RESECCION CON SUSTITUCION DE VENAS ABDOMINALES
386100,TOMA DE INJERTO ARTERIAL SOD,REEMPLAZA A,386101,TOMA DE INJERTO ARTERIAL
386200,TOMA DE INJERTO VENOSO SOD,REEMPLAZA A,386201,TOMA DE INJERTO VENOSO
387300,INSERCION DE IMPLANTE O FILTRO EN VENA CAVA (SUPERIOR O INFERIOR) SOD,REEMPLAZA A,387301,INSERCION DE IMPLANTE O FILTRO EN VENA CAVA (SUPERIOR O INFERIOR)
389200,CATETERISMO DE VENA UMBILICAL SOD,REEMPLAZA A,389201,CATETERISMO DE VENA UMBILICAL
389300,CATETERISMO O CANALIZACION DE VENA SOD,REEMPLAZA A,389301,CATETERISMO O CANALIZACION DE VENA
389400,DISECCION VENOSA SOD,REEMPLAZA A,389401,DISECCION VENOSA
389500,CATETERIZACION VENOSA PARA DIALISIS RENAL SOD,REEMPLAZA A,389501,CATETERIZACION VENOSA PARA DIALISIS RENAL
389900,FLEBOTOMIA TERAPEUTICA SOD,REEMPLAZA A,389901,FLEBOTOMIA TERAPEUTICA
392100,ANASTOMOSIS DE VENA CAVA-ARTERIA PULMONAR SOD,REEMPLAZA A,392101,ANASTOMOSIS DE VENA CAVA-ARTERIA PULMONAR
392400,DERIVACION AORTA-RENAL SOD,REEMPLAZA A,392401,DERIVACION AORTA-RENAL
393600,SUTURA DE ARTERIAS ABDOMINALES SOD,REEMPLAZA A,393601,SUTURA DE ARTERIAS ABDOMINALES
393700,SUTURA DE VENAS ABDOMINALES SOD,REEMPLAZA A,393701,SUTURA DE VENAS ABDOMINALES
394100,CONTROL DE HEMORRAGIA DESPUES DE CIRUGIA VASCULAR SOD,REEMPLAZA A,394101,CONTROL DE HEMORRAGIA DESPUES DE CIRUGIA VASCULAR
394200,REVISION DE DERIVACION (FISTULA) ARTERIOVENOSA PARA DIALISIS RENAL SOD,REEMPLAZA A,394201,REVISION DE DERIVACION (FISTULA) ARTERIOVENOSA PARA DIALISIS RENAL
394300,EXTRACCION DE DERIVACION ARTERIOVENOSA PARA DIALISIS RENAL SOD,REEMPLAZA A,394301,EXTRACCION DE DERIVACION ARTERIOVENOSA PARA DIALISIS RENAL
395400,OPERACION DE RE-ENTRADA (AORTA) SOD,REEMPLAZA A,395401,OPERACION DE RE-ENTRADA (AORTA)
395600,REPARACION DE VASO SANGUINEO CON INJERTO DE PARCHE DE TEJIDO SOD,REEMPLAZA A,395601,REPARACION DE VASO SANGUINEO CON INJERTO DE PARCHE DE TEJIDO
395700,REPARACION DE VASO SANGUINEO CON INJERTO DE PARCHE SINTETICO SOD,REEMPLAZA A,395701,REPARACION DE VASO SANGUINEO CON INJERTO DE PARCHE SINTETICO
395800,REPARACION DE VASO SANGUINEO CON INJERTO DE PARCHE NO ESPECIFICADO SOD,REEMPLAZA A,395801,REPARACION DE VASO SANGUINEO CON INJERTO DE PARCHE NO ESPECIFICADO
396100,CIRCULACION EXTRACORPOREA AUXILIAR PARA CIRUGIA CARDIACA ABIERTA [DERIVACION CARDIOPULMONAR] SOD,REEMPLAZA A,396101,CIRCULACION EXTRACORPOREA AUXILIAR PARA CIRUGIA CARDIACA ABIERTA [DERIVACION CARDIOPULMONAR]
396200,HIPOTERMIA (SISTEMICA) ACCESORIA DE CIRUGIA CARDIACA ABIERTA SOD,REEMPLAZA A,396201,HIPOTERMIA (SISTEMICA) ACCESORIA DE CIRUGIA CARDIACA ABIERTA
397400,EXPLORACION DE AORTA ABDOMINAL SOD,REEMPLAZA A,397401,EXPLORACION DE AORTA ABDOMINAL
397700,EXPLORACION DE VENAS ABDOMINALES SOD,REEMPLAZA A,397701,EXPLORACION DE VENAS ABDOMINALES
398100,IMPLANTACION EN CUERPO CAROTIDEO DE MARCAPASOS O ESTIMULADOR ELECTRONICO SOD,REEMPLAZA A,398101,IMPLANTACION EN CUERPO CAROTIDEO DE MARCAPASOS O ESTIMULADOR ELECTRONICO
399100,LIBERACION DE VASO SANGUINEO (ADHERENCIAS DE HAZ VASCULAR) SOD,REEMPLAZA A,399101,LIBERACION DE VASO SANGUINEO (ADHERENCIAS DE HAZ VASCULAR)
399200,INYECCION DE AGENTE ESCLEROSANTE EN VENA (ESCLEROTERAPIA) SOD,REEMPLAZA A,399201,INYECCION DE AGENTE ESCLEROSANTE EN VENA (ESCLEROTERAPIA)
399400,SUSTITUCION O REVISION DE CANULA VASO A VASO SOD,REEMPLAZA A,399401,SUSTITUCION O REVISION DE CANULA VASO A VASO
402400,ESCISION DE GANGLIO LINFATICO INGUINAL SOD,REEMPLAZA A,402401,ESCISION DE GANGLIO LINFATICO INGUINAL
402500,ESCISION DE HIGROMA QUISTICO DE CUELLO SOD,REEMPLAZA A,402501,ESCISION DE HIGROMA QUISTICO DE CUELLO
402600,ESCISION DE LINFANGIOMA DE CUELLO SOD,REEMPLAZA A,402601,ESCISION DE LINFANGIOMA DE CUELLO
403000,ESCISION DE GANGLIO LINFATICO REGIONAL EXTENDIDA AL AREA DE DRENAJE LINFATICO - INCLUSO PIEL Y TEJIDO CELULAR SUBCUTANEO SOD,REEMPLAZA A,403001,ESCISION DE GANGLIO LINFATICO REGIONAL EXTENDIDA AL AREA DE DRENAJE LINFATICO - INCLUSO PIEL Y TEJIDO CELULAR SUBCUTANEO
406200,FISTULIZACION DE CONDUCTO TORACICO SOD,REEMPLAZA A,406201,FISTULIZACION DE CONDUCTO TORACICO
406300,CIERRE DE FISTULA DEL CONDUCTO TORACICO SOD,REEMPLAZA A,406301,CIERRE DE FISTULA DEL CONDUCTO TORACICO
406500,DERIVACION LINFOVENOSA SOD,REEMPLAZA A,406501,DERIVACION LINFOVENOSA
406600,LIGADURA (OBLITERACION) EN EL AREA ILIACA SOD,REEMPLAZA A,406601,LIGADURA (OBLITERACION) EN EL AREA ILIACA
407200,LINFANGIORRAFIA SOD,REEMPLAZA A,407201,LINFANGIORRAFIA
407300,LINFANGIOPLASTIA SOD,REEMPLAZA A,407301,LINFANGIOPLASTIA
407400,TRASPLANTE DE LINFATICOS AUTOGENOS SOD,REEMPLAZA A,407401,TRASPLANTE DE LINFATICOS AUTOGENOS
419100,ASPIRACION DE MEDULA OSEA DE DONANTE SOD,REEMPLAZA A,419101,ASPIRACION DE MEDULA OSEA DE DONANTE
419200,INYECCION O INFUSION DE MEDULA OSEA SOD,REEMPLAZA A,419201,INYECCION O INFUSION DE MEDULA OSEA
427200,ESOFAGOTOMIA TRANSTORACICA CON MIOTOMIA SOD,REEMPLAZA A,427201,ESOFAGOTOMIA TRANSTORACICA CON MIOTOMIA
427300,ESOFAGOTOMIA CON MIOTOMIA EN ESPIRAL SOD,REEMPLAZA A,427301,ESOFAGOTOMIA CON MIOTOMIA EN ESPIRAL
428100,INSERCION DE TUBO O PROTESIS (STENT) PERMANENTE EN ESOFAGO SOD,REEMPLAZA A,428101,INSERCION DE TUBO O PROTESIS (STENT) PERMANENTE EN ESOFAGO
428300,CIERRE DE ESOFAGOSTOMIA SOD,REEMPLAZA A,428301,CIERRE DE ESOFAGOSTOMIA
428500,REPARACION DE ESTENOSIS ESOFAGICA SOD,REEMPLAZA A,428501,REPARACION DE ESTENOSIS ESOFAGICA
428600,CREACION DE TUNEL SUBCUTANEO SIN ANASTOMOSIS ESOFAGICA SOD,REEMPLAZA A,428601,CREACION DE TUNEL SUBCUTANEO SIN ANASTOMOSIS ESOFAGICA
441200,GASTROSCOPIA A TRAVES DE ESTOMA ARTIFICIAL SOD,REEMPLAZA A,441201,GASTROSCOPIA A TRAVES DE ESTOMA ARTIFICIAL
451100,ENDOSCOPIA TRANSABDOMINAL DE INTESTINO DELGADO SOD,REEMPLAZA A,451101,ENDOSCOPIA TRANSABDOMINAL DE INTESTINO DELGADO
451200,ENDOSCOPIA DE INTESTINO DELGADO A TRAVES DE ESTOMA ARTIFICIAL SOD,REEMPLAZA A,451201,ENDOSCOPIA DE INTESTINO DELGADO A TRAVES DE ESTOMA ARTIFICIAL
453100,OTRA ELIMINACION O ESCISION DE LESION DE DUODENO SOD,REEMPLAZA A,453101,OTRA ELIMINACION O ESCISION DE LESION DE DUODENO
456400,RESECCION INTESTINAL CONDUCTO ONFALOMESENTERICO SOD,REEMPLAZA A,456401,RESECCION INTESTINAL CONDUCTO ONFALOMESENTERICO
463200,YEYUNOSTOMIA PERCUTANEA (ENDOSCOPICA) SOD,REEMPLAZA A,463201,YEYUNOSTOMIA PERCUTANEA (ENDOSCOPICA)
466200,PLICATURA INTESTINAL [OPERACION DE NOBLE] SOD,REEMPLAZA A,466201,PLICATURA INTESTINAL [OPERACION DE NOBLE]
469100,MIOTOMIA DEL COLON SIGMOIDEO SOD,REEMPLAZA A,469101,MIOTOMIA DEL COLON SIGMOIDEO
469200,MIOTOMIA DE OTRAS PARTES DEL COLON SOD,REEMPLAZA A,469201,MIOTOMIA DE OTRAS PARTES DEL COLON
469500,PERFUSION LOCAL DE INTESTINO DELGADO SOD,REEMPLAZA A,469501,PERFUSION LOCAL DE INTESTINO DELGADO
469600,PERFUSION LOCAL DE INTESTINO GRUESO SOD,REEMPLAZA A,469601,PERFUSION LOCAL DE INTESTINO GRUESO
480100,PROCTOTOMIA - VIA ABDOMINAL O PERINEAL SOD,REEMPLAZA A,480101,PROCTOTOMIA - VIA ABDOMINAL O PERINEAL
482600,BIOPSIA DE TEJIDO PERIRRECTAL SOD,REEMPLAZA A,482601,BIOPSIA DE TEJIDO PERIRRECTAL
486500,RESECCION DE MUÑON RECTAL POST-DUHAMEL SOD,REEMPLAZA A,486501,RESECCION DE MUÑON RECTAL POST-DUHAMEL
489100,INCISION DE ESTENOSIS RECTAL SOD,REEMPLAZA A,489101,INCISION DE ESTENOSIS RECTAL
489200,MIOMECTOMIA ANO-RECTAL SOD,REEMPLAZA A,489201,MIOMECTOMIA ANO-RECTAL
489400,DILATACION INSTRUMENTAL ENDOSCOPICA DE RECTO SOD,REEMPLAZA A,489401,DILATACION INSTRUMENTAL ENDOSCOPICA DE RECTO
490100,DRENAJE DE COLECCION ISQUIORRECTAL SOD,REEMPLAZA A,490101,DRENAJE DE COLECCION ISQUIORRECTAL
492200,BIOPSIA DE TEJIDO PERIANAL SOD,REEMPLAZA A,492201,BIOPSIA DE TEJIDO PERIANAL
492300,BIOPSIA DE ANO SOD,REEMPLAZA A,492301,BIOPSIA DE ANO
494300,CAUTERIZACION DE HEMORROIDES SOD,REEMPLAZA A,494301,CAUTERIZACION DE HEMORROIDES
494400,ABLACION DE HEMORROIDES POR CRIOTERAPIA SOD,REEMPLAZA A,494401,ABLACION DE HEMORROIDES POR CRIOTERAPIA
499100,INCISION DE TABIQUE ANAL SOD,REEMPLAZA A,499101,INCISION DE TABIQUE ANAL
499200,INSERCION SUBCUTANEA DE ESTIMULADOR ANAL ELECTRICO SOD,REEMPLAZA A,499201,INSERCION SUBCUTANEA DE ESTIMULADOR ANAL ELECTRICO
499400,REDUCCION DE PROLAPSO ANAL SOD,REEMPLAZA A,499401,REDUCCION DE PROLAPSO ANAL
499500,CONTROL DE HEMORRAGIA (POSOPERATORIA) DE ANO SOD,REEMPLAZA A,499501,CONTROL DE HEMORRAGIA (POSOPERATORIA) DE ANO
499600,RETIRO DE MATERIAL DE CERCLAJE SOD,REEMPLAZA A,499601,RETIRO DE MATERIAL DE CERCLAJE
506200,HEPATOPEXIA SOD,REEMPLAZA A,506201,HEPATOPEXIA
509200,ASISTENCIA HEPATICA EXTRACORPOREA SOD,REEMPLAZA A,509201,ASISTENCIA HEPATICA EXTRACORPOREA
509300,PERFUSION LOCALIZADA DE HIGADO SOD,REEMPLAZA A,509301,PERFUSION LOCALIZADA DE HIGADO
509400,INYECCION DE SUSTANCIA TERAPEUTICA EN HIGADO SOD,REEMPLAZA A,509401,INYECCION DE SUSTANCIA TERAPEUTICA EN HIGADO
511000,COLANGIOPANCREATOGRAFIA RETROGRADA ENDOSCOPICA SOD,REEMPLAZA A,511001,COLANGIOPANCREATOGRAFIA RETROGRADA ENDOSCOPICA
511500,MEDICION DE LA PRESION DEL ESFINTER DE ODDI SOD,REEMPLAZA A,511501,MEDICION DE LA PRESION DEL ESFINTER DE ODDI
519100,REPARACION DE LESION DE VESICULA BILIAR SOD,REEMPLAZA A,519101,REPARACION DE LESION DE VESICULA BILIAR
519700,INSERCION DE CATETER BILIAR SOD,REEMPLAZA A,519701,INSERCION DE CATETER BILIAR
544200,ONFALECTOMIA SOD,REEMPLAZA A,544201,ONFALECTOMIA
546200,CIERRE RETARDADO DE HERIDA ABDOMINAL EN FASE DE GRANULACION SOD,REEMPLAZA A,546201,CIERRE RETARDADO DE HERIDA ABDOMINAL EN FASE DE GRANULACION
549300,CREACION DE FISTULA CUTANEOPERITONEAL SOD,REEMPLAZA A,549301,CREACION DE FISTULA CUTANEOPERITONEAL
549600,INYECCION DE AIRE EN CAVIDAD PERITONEAL SOD,REEMPLAZA A,549601,INYECCION DE AIRE EN CAVIDAD PERITONEAL
549700,INYECCION DE SUSTANCIA TERAPEUTICA DE ACCION LOCAL EN CAVIDAD PERITONEAL SOD,REEMPLAZA A,549701,INYECCION DE SUSTANCIA TERAPEUTICA DE ACCION LOCAL EN CAVIDAD PERITONEAL
559300,REEMPLAZO DE CATETER DE NEFROSTOMIA SOD,REEMPLAZA A,559301,REEMPLAZO DE CATETER DE NEFROSTOMIA
559400,REEMPLAZO DE CATETER DE PIELOSTOMIA SOD,REEMPLAZA A,559401,REEMPLAZO DE CATETER DE PIELOSTOMIA
559500,PERFUSION LOCAL DE RIÑON SOD,REEMPLAZA A,559501,PERFUSION LOCAL DE RIÑON
573500,BIOPSIA DE TEJIDO PERIVESICAL SOD,REEMPLAZA A,573501,BIOPSIA DE TEJIDO PERIVESICAL
578600,REPARACION DE EXTROFIA VESICAL SOD,REEMPLAZA A,578601,REPARACION DE EXTROFIA VESICAL
579200,DILATACION DE CUELLO VESICAL SOD,REEMPLAZA A,579201,DILATACION DE CUELLO VESICAL
584200,CIERRE DE URETROSTOMIA SOD,REEMPLAZA A,584201,CIERRE DE URETROSTOMIA
584700,MEATOPLASTIA URETRAL SOD,REEMPLAZA A,584701,MEATOPLASTIA URETRAL
586200,DILATACION DE UNION URETROVESICAL SOD,REEMPLAZA A,586201,DILATACION DE UNION URETROVESICAL
586300,DILATACION DE URETRA POR SONDEO SOD,REEMPLAZA A,586301,DILATACION DE URETRA POR SONDEO
589200,ESCISION DE TEJIDO PERIURETRAL SOD,REEMPLAZA A,589201,ESCISION DE TEJIDO PERIURETRAL
590200,URETEROLISIS CON LIBERACION O REPOSICIONAMIENTO DE URETER SOD,REEMPLAZA A,590201,URETEROLISIS CON LIBERACION O REPOSICIONAMIENTO DE URETER
590400,INCISION Y DRENAJE DE COLECCION PERIRRENAL SOD,REEMPLAZA A,590401,INCISION Y DRENAJE DE COLECCION PERIRRENAL
590500,DRENAJE PERCUTANEO DE COLECCION EN AREA PERIRRENAL SOD,REEMPLAZA A,590501,DRENAJE PERCUTANEO DE COLECCION EN AREA PERIRRENAL
591100,LIBERACION O LISIS DE ADHERENCIAS PERIVESICALES SOD,REEMPLAZA A,591101,LIBERACION O LISIS DE ADHERENCIAS PERIVESICALES
593100,PLICATURA URETRAL SOD,REEMPLAZA A,593101,PLICATURA URETRAL
612100,REPARACION O ESCISION DE HIDROCELE [HIDROCELECTOMIA] DE TUNICA VAGINALIS SOD,REEMPLAZA A,612101,REPARACION O ESCISION DE HIDROCELE [HIDROCELECTOMIA] DE TUNICA VAGINALIS
614100,SUTURA DE LACERACION DE ESCROTO Y TUNICA VAGINALIS SOD,REEMPLAZA A,614101,SUTURA DE LACERACION DE ESCROTO Y TUNICA VAGINALIS
619100,ASPIRACION PERCUTANEA DE TUNICA VAGINAL (HIDROCELE) SOD,REEMPLAZA A,619101,ASPIRACION PERCUTANEA DE TUNICA VAGINAL (HIDROCELE)
620100,DRENAJE POR INCISION EN TESTICULO SOD,REEMPLAZA A,620101,DRENAJE POR INCISION EN TESTICULO
622100,RESECCION DE LESION TESTICULAR SOD,REEMPLAZA A,622101,RESECCION DE LESION TESTICULAR
626100,ORQUIDORRAFIA O SUTURA DE TESTICULO SOD,REEMPLAZA A,626101,ORQUIDORRAFIA O SUTURA DE TESTICULO
627100,IMPLANTE DE PROTESIS TESTICULAR SOD,REEMPLAZA A,627101,IMPLANTE DE PROTESIS TESTICULAR
629300,EXTRACCION DE CUERPO EXTRAÑO DEL TESTICULO SOD,REEMPLAZA A,629301,EXTRACCION DE CUERPO EXTRAÑO DEL TESTICULO
630100,BIOPSIA DE EPIDIDIMO SOD,REEMPLAZA A,630101,BIOPSIA DE EPIDIDIMO
630200,BIOPSIA DE CORDON ESPERMATICO SOD,REEMPLAZA A,630201,BIOPSIA DE CORDON ESPERMATICO
630300,BIOPSIA DE CONDUCTO DEFERENTE SOD,REEMPLAZA A,630301,BIOPSIA DE CONDUCTO DEFERENTE
632100,ESPERMATOCELECTOMIA O RESECCION QUISTE DEL EPIDIDIMO SOD,REEMPLAZA A,632101,ESPERMATOCELECTOMIA O RESECCION QUISTE DEL EPIDIDIMO
633200,RESECCION DE HEMATOCELE DE CORDON ESPERMATICO SOD,REEMPLAZA A,633201,RESECCION DE HEMATOCELE DE CORDON ESPERMATICO
634000,EPIDIDIMECTOMIA SOD,REEMPLAZA A,634001,EPIDIDIMECTOMIA
635100,SUTURA DE LACERACION EN CORDON ESPERMATICO Y EPIDIDIMO SOD,REEMPLAZA A,635101,SUTURA DE LACERACION EN CORDON ESPERMATICO Y EPIDIDIMO
635200,REDUCCION DE TORSION TESTICULAR O CORDON ESPERMATICO SOD,REEMPLAZA A,635201,REDUCCION DE TORSION TESTICULAR O CORDON ESPERMATICO
636100,VASOTOMIA SOD,REEMPLAZA A,636101,VASOTOMIA
637100,LIGADURA O SECCION DE CONDUCTO DEFERENTE SOD,REEMPLAZA A,637101,LIGADURA O SECCION DE CONDUCTO DEFERENTE
637200,LIGADURA DE CORDON ESPERMATICO SOD,REEMPLAZA A,637201,LIGADURA DE CORDON ESPERMATICO
637300,VASECTOMIA SOD,REEMPLAZA A,637301,VASECTOMIA
638100,SUTURA DE LACERACION DE CONDUCTO DEFERENTE Y EPIDIDIMO SOD,REEMPLAZA A,638101,SUTURA DE LACERACION DE CONDUCTO DEFERENTE Y EPIDIDIMO
638300,EPIDIDIMOVASOSTOMIA SOD,REEMPLAZA A,638301,EPIDIDIMOVASOSTOMIA
639600,EXTRACCION DE CUERPO EXTRAÑO DE CORDON ESPERMATICO Y EPIDIDIMO SOD,REEMPLAZA A,639601,EXTRACCION DE CUERPO EXTRAÑO DE CORDON ESPERMATICO Y EPIDIDIMO
640000,CIRCUNCISION SOD,REEMPLAZA A,640001,CIRCUNCISION
641100,BIOPSIA DE PENE SOD,REEMPLAZA A,641101,BIOPSIA DE PENE
642100,FULGURACION O RESECCION DE LESION EN PENE SOD,REEMPLAZA A,642101,FULGURACION O RESECCION DE LESION EN PENE
643100,AMPUTACION PARCIAL DEL PENE O PENECTOMIA PARCIAL SOD,REEMPLAZA A,643101,AMPUTACION PARCIAL DEL PENE O PENECTOMIA PARCIAL
643200,AMPUTACION TOTAL DEL PENE O PENECTOMIA TOTAL SOD,REEMPLAZA A,643201,AMPUTACION TOTAL DEL PENE O PENECTOMIA TOTAL
644100,SUTURA DE LACERACION O HERIDA EN PENE SOD,REEMPLAZA A,644101,SUTURA DE LACERACION O HERIDA EN PENE
644300,CONSTRUCCION (DE NOVO) DE PENE SOD,REEMPLAZA A,644301,CONSTRUCCION (DE NOVO) DE PENE
644400,RECONSTRUCCION PENEANA SOD,REEMPLAZA A,644401,RECONSTRUCCION PENEANA
644500,REIMPLANTE O RECOLOCACION DE PENE SOD,REEMPLAZA A,644501,REIMPLANTE O RECOLOCACION DE PENE
644200,LIBERACION DE CORDEE SOD,REEMPLAZA A,644904,LIBERACION DE CORDEE
649100,CORTE DORSAL O LATERAL EN PREPUCIO SOD,REEMPLAZA A,649101,CORTE DORSAL O LATERAL EN PREPUCIO
649300,SECCION O CORTE DE ADHERENCIAS PENEANAS SOD,REEMPLAZA A,649301,SECCION O CORTE DE ADHERENCIAS PENEANAS
766100,OSTEOPLASTIA CERRADA (OSTEOTOMIA) DE RAMA MANDIBULAR SOD,REEMPLAZA A,766101,OSTEOPLASTIA CERRADA (OSTEOTOMIA) DE RAMA MANDIBULAR
768200,INSERCION DE IMPLANTE SINTETICO EN HUESO FACIAL SOD,REEMPLAZA A,768201,INSERCION DE IMPLANTE SINTETICO EN HUESO FACIAL
768600,INYECCION DE SUSTANCIA TERAPEUTICA EN ARTICULACION TEMPOROMANDIBULAR SOD,REEMPLAZA A,768601,INYECCION DE SUSTANCIA TERAPEUTICA EN ARTICULACION TEMPOROMANDIBULAR
770100,SECUESTRECTOMIA - DRENAJE - DESBRIDAMIENTO O CURETAJE DE ESCAPULA - CLAVICULA O TORAX (COSTILLAS Y ESTERNON) SOD,REEMPLAZA A,770101,SECUESTRECTOMIA - DRENAJE - DESBRIDAMIENTO O CURETAJE DE ESCAPULA - CLAVICULA O TORAX (COSTILLAS Y ESTERNON)
770200,SECUESTRECTOMIA - DRENAJE - DESBRIDAMIENTO DE HUMERO SOD,REEMPLAZA A,770201,SECUESTRECTOMIA - DRENAJE - DESBRIDAMIENTO DE HUMERO
777400,TOMA DE INJERTO OSEO DE CARPO O METACARPO SOD,REEMPLAZA A,777401,TOMA DE INJERTO OSEO DE CARPO O METACARPO
777500,TOMA DE INJERTO OSEO DE FEMUR SOD,REEMPLAZA A,777501,TOMA DE INJERTO OSEO DE FEMUR
777600,TOMA DE INJERTO OSEO DE ROTULA SOD,REEMPLAZA A,777601,TOMA DE INJERTO OSEO DE ROTULA
777700,TOMA DE INJERTO DE TIBIA O PERONE SOD,REEMPLAZA A,777701,TOMA DE INJERTO DE TIBIA O PERONE
777800,TOMA DE INJERTO OSEO DE TARSO O METATARSO SOD,REEMPLAZA A,777801,TOMA DE INJERTO OSEO DE TARSO O METATARSO
778600,RESECCION PARCIAL DE ROTULA O HEMIPATELECTOMIA SOD,REEMPLAZA A,778601,RESECCION PARCIAL DE ROTULA O HEMIPATELECTOMIA
778800,RESECCION PARCIAL DE TARSIANOS O METATARSIANOS (UNO O MAS) SOD,REEMPLAZA A,778801,RESECCION PARCIAL DE TARSIANOS O METATARSIANOS (UNO O MAS)
779500,RESECCION TOTAL DE FEMUR SOD,REEMPLAZA A,779501,RESECCION TOTAL DE FEMUR
779600,RESECCION TOTAL DE ROTULA O PATELECTOMIA SOD,REEMPLAZA A,779601,RESECCION TOTAL DE ROTULA O PATELECTOMIA
780300,INJERTO OSEO EN CUBITO O RADIO SOD,REEMPLAZA A,780301,INJERTO OSEO EN CUBITO O RADIO
780600,INJERTO OSEO EN ROTULA SOD,REEMPLAZA A,780601,INJERTO OSEO EN ROTULA
780800,INJERTO OSEO EN HUESOS TARSIANOS O METATARSIANOS SOD,REEMPLAZA A,780801,INJERTO OSEO EN HUESOS TARSIANOS O METATARSIANOS
785100,FIJACION INTERNA SIN REDUCCION DE FRACTURA EN ESCAPULA - CLAVICULA O TORAX (COSTILLAS Y ESTERNON) SOD,REEMPLAZA A,785101,FIJACION INTERNA SIN REDUCCION DE FRACTURA EN ESCAPULA - CLAVICULA O TORAX (COSTILLAS Y ESTERNON)
785200,FIJACION INTERNA SIN REDUCCION DE FRACTURA DE HUMERO SOD,REEMPLAZA A,785201,FIJACION INTERNA SIN REDUCCION DE FRACTURA DE HUMERO
785300,FIJACION INTERNA SIN REDUCCION DE FRACTURA DE RADIO O CUBITO SOD,REEMPLAZA A,785301,FIJACION INTERNA SIN REDUCCION DE FRACTURA DE RADIO O CUBITO
785400,FIJACION INTERNA SIN REDUCCION DE FRACTURA DE CARPIANOS O METACARPIANOS SOD,REEMPLAZA A,785401,FIJACION INTERNA SIN REDUCCION DE FRACTURA DE CARPIANOS O METACARPIANOS
785500,FIJACION INTERNA SIN REDUCCION DE FRACTURA DE FEMUR SOD,REEMPLAZA A,785501,FIJACION INTERNA SIN REDUCCION DE FRACTURA DE FEMUR
785600,FIJACION INTERNA SIN REDUCCION DE FRACTURA DE ROTULA SOD,REEMPLAZA A,785601,FIJACION INTERNA SIN REDUCCION DE FRACTURA DE ROTULA
785800,FIJACION INTERNA SIN REDUCCION DE FRACTURA DE TARSIANOS O METATARSIANOS SOD,REEMPLAZA A,785801,FIJACION INTERNA SIN REDUCCION DE FRACTURA DE TARSIANOS O METATARSIANOS
785900,FIJACION INTERNA SIN REDUCCION DE FRACTURA DE FALANGES DE PIE O DE MANO SOD,REEMPLAZA A,785901,FIJACION INTERNA SIN REDUCCION DE FRACTURA DE FALANGES DE PIE O DE MANO
787100,OSTEOCLASTIA DE ESCAPULA - CLAVICULA O TORAX (COSTILLAS Y ESTERNON) SOD,REEMPLAZA A,787101,OSTEOCLASTIA DE ESCAPULA - CLAVICULA O TORAX (COSTILLAS Y ESTERNON)
787200,OSTEOCLASTIA DE HUMERO SOD,REEMPLAZA A,787201,OSTEOCLASTIA DE HUMERO
787300,OSTEOCLASTIA DE RADIO O CUBITO SOD,REEMPLAZA A,787301,OSTEOCLASTIA DE RADIO O CUBITO
787400,OSTEOCLASTIA DE CARPIANOS O METACARPIANOS SOD,REEMPLAZA A,787401,OSTEOCLASTIA DE CARPIANOS O METACARPIANOS
787500,OSTEOCLASTIA DE FEMUR SOD,REEMPLAZA A,787501,OSTEOCLASTIA DE FEMUR
787600,OSTEOCLASTIA DE ROTULA SOD,REEMPLAZA A,787601,OSTEOCLASTIA DE ROTULA
787700,OSTEOCLASTIA DE TIBIA O PERONE SOD,REEMPLAZA A,787701,OSTEOCLASTIA DE TIBIA O PERONE
787800,OSTEOCLASTIA DE TARSIANOS O METATARSIANOS SOD,REEMPLAZA A,787801,OSTEOCLASTIA DE TARSIANOS O METATARSIANOS
789500,INSERCION DE ESTIMULADOR DE CRECIMIENTO OSEO DE FEMUR SOD,REEMPLAZA A,789501,INSERCION DE ESTIMULADOR DE CRECIMIENTO OSEO DE FEMUR
790100,REDUCCION CERRADA DE FRACTURA SIN FIJACION INTERNA DE ESCAPULA - CLAVICULA O TORAX (COSTILLAS O ESTERNON) SOD,REEMPLAZA A,790101,REDUCCION CERRADA DE FRACTURA SIN FIJACION INTERNA DE ESCAPULA - CLAVICULA O TORAX (COSTILLAS O ESTERNON)
790200,REDUCCION CERRADA DE FRACTURA SIN FIJACION INTERNA DE HUMERO SOD,REEMPLAZA A,790201,REDUCCION CERRADA DE FRACTURA SIN FIJACION INTERNA DE HUMERO
790500,REDUCCION CERRADA DE FRACTURA DE FEMUR SIN FIJACION INTERNA SOD,REEMPLAZA A,790501,REDUCCION CERRADA DE FRACTURA DE FEMUR SIN FIJACION INTERNA
790600,REDUCCION CERRADA DE FRACTURA SIN FIJACION INTERNA DE ROTULA SOD,REEMPLAZA A,790601,REDUCCION CERRADA DE FRACTURA SIN FIJACION INTERNA DE ROTULA
792200,REDUCCION ABIERTA DE FRACTURA SIN FIJACION INTERNA DE HUMERO SOD,REEMPLAZA A,792201,REDUCCION ABIERTA DE FRACTURA SIN FIJACION INTERNA DE HUMERO
792500,REDUCCION ABIERTA DE FRACTURA DE FEMUR SIN FIJACION INTERNA SOD,REEMPLAZA A,792501,REDUCCION ABIERTA DE FRACTURA DE FEMUR SIN FIJACION INTERNA
792600,REDUCCION ABIERTA DE FRACTURA DE ROTULA SIN FIJACION INTERNA SOD,REEMPLAZA A,792601,REDUCCION ABIERTA DE FRACTURA DE ROTULA SIN FIJACION INTERNA
793600,REDUCCION ABIERTA DE FRACTURA EN ROTULA CON FIJACION INTERNA (DISPOSITIVOS DE FIJACION U OSTEOSINTESIS) SOD,REEMPLAZA A,793601,REDUCCION ABIERTA DE FRACTURA EN ROTULA CON FIJACION INTERNA (DISPOSITIVOS DE FIJACION U OSTEOSINTESIS)
796100,LAVADO Y DESBRIDAMIENTO DE FRACTURA ABIERTA DE HUMERO SOD,REEMPLAZA A,796101,LAVADO Y DESBRIDAMIENTO DE FRACTURA ABIERTA DE HUMERO
796400,LAVADO Y DESBRIDAMIENTO DE FRACTURAS EXPUESTAS DE FALANGES EN MANO SOD,REEMPLAZA A,796401,LAVADO Y DESBRIDAMIENTO DE FRACTURAS EXPUESTAS DE FALANGES EN MANO
796500,LAVADO Y DESBRIDAMIENTO DE FRACTURA ABIERTA DE FEMUR SOD,REEMPLAZA A,796501,LAVADO Y DESBRIDAMIENTO DE FRACTURA ABIERTA DE FEMUR
796600,LAVADO Y DESBRIDAMIENTO DE FRACTURA ABIERTA DE TIBIA O PERONE SOD,REEMPLAZA A,796601,LAVADO Y DESBRIDAMIENTO DE FRACTURA ABIERTA DE TIBIA O PERONE
796700,LAVADO Y DESBRIDAMIENTO DE FRACTURA ABIERTA DE TARSIANOS O METATARSIANOS SOD,REEMPLAZA A,796701,LAVADO Y DESBRIDAMIENTO DE FRACTURA ABIERTA DE TARSIANOS O METATARSIANOS
796800,LAVADO Y DESBRIDAMIENTO DE FRACTURA ABIERTA DE DEDOS DE PIE SOD,REEMPLAZA A,796801,LAVADO Y DESBRIDAMIENTO DE FRACTURA ABIERTA DE DEDOS DE PIE
797100,REDUCCION CERRADA DE LUXACION EN HOMBRO SOD,REEMPLAZA A,797101,REDUCCION CERRADA DE LUXACION EN HOMBRO
797200,REDUCCION CERRADA DE LUXACION EN CODO SOD,REEMPLAZA A,797201,REDUCCION CERRADA DE LUXACION EN CODO
797300,REDUCCION CERRADA DE LUXACION EN MUÑECA SOD,REEMPLAZA A,797301,REDUCCION CERRADA DE LUXACION EN MUÑECA
799100,REDUCCION DE FRACTURAS INTRAARTICULARES Y LUXOFRACTURAS EN HOMBRO SOD,REEMPLAZA A,799101,REDUCCION DE FRACTURAS INTRAARTICULARES Y LUXOFRACTURAS EN HOMBRO
801200,ARTROTOMIA DE CODO SOD,REEMPLAZA A,801201,ARTROTOMIA DE CODO
801300,ARTROTOMIA DE MUÑECA SOD,REEMPLAZA A,801301,ARTROTOMIA DE MUÑECA
801400,ARTROTOMIA EN MANO SOD,REEMPLAZA A,801401,ARTROTOMIA EN MANO
801500,ARTROTOMIA DE PELVIS SOD,REEMPLAZA A,801501,ARTROTOMIA DE PELVIS
801600,ARTROTOMIA DE RODILLA SOD,REEMPLAZA A,801601,ARTROTOMIA DE RODILLA
801700,ARTROTOMIA DE TOBILLO O CUELLO DE PIE SOD,REEMPLAZA A,801701,ARTROTOMIA DE TOBILLO O CUELLO DE PIE
801800,ARTROTOMIA EN PIE SOD,REEMPLAZA A,801801,ARTROTOMIA EN PIE
804200,DIVISION DE CAPSULA - LIGAMENTO O CARTILAGO ARTICULAR DE CODO SOD,REEMPLAZA A,804201,DIVISION DE CAPSULA - LIGAMENTO O CARTILAGO ARTICULAR DE CODO
804600,DIVISION DE CAPSULA - LIGAMENTO O CARTILAGO ARTICULAR DE RODILLA SOD,REEMPLAZA A,804601,DIVISION DE CAPSULA - LIGAMENTO O CARTILAGO ARTICULAR DE RODILLA
812100,ARTRODESIS DE CADERA SOD,REEMPLAZA A,812101,ARTRODESIS DE CADERA
812200,ARTRODESIS DE RODILLA SOD,REEMPLAZA A,812201,ARTRODESIS DE RODILLA
812700,ARTRODESIS METACARPO-FALANGICA SOD,REEMPLAZA A,812701,ARTRODESIS METACARPO-FALANGICA
818400,REEMPLAZO TOTAL PROTESICO DE CODO SOD,REEMPLAZA A,818401,REEMPLAZO TOTAL PROTESICO DE CODO
818500,REEMPLAZO PARCIAL PROTESICO DE CODO SOD,REEMPLAZA A,818501,REEMPLAZO PARCIAL PROTESICO DE CODO
820200,MIOTOMIA DE MANO SOD,REEMPLAZA A,820201,MIOTOMIA DE MANO
820300,BURSOTOMIA DE MANO SOD,REEMPLAZA A,820301,BURSOTOMIA DE MANO
820400,INCISION Y DRENAJE DE ESPACIO PALMAR O TENAR SOD,REEMPLAZA A,820401,INCISION Y DRENAJE DE ESPACIO PALMAR O TENAR
820900,OTRA INCISION DE TEJIDO FLEXIBLE DE MANO SOD,REEMPLAZA A,820901,OTRA INCISION DE TEJIDO FLEXIBLE DE MANO
821200,FASCIOTOMIA DE MANO SOD,REEMPLAZA A,821201,FASCIOTOMIA DE MANO
823100,BURSECTOMIA DE MANO SOD,REEMPLAZA A,823101,BURSECTOMIA DE MANO
823200,ESCISION DE TENDON DE MANO PARA INJERTO (DIFERENTE REGION OPERATORIA) SOD,REEMPLAZA A,823201,ESCISION DE TENDON DE MANO PARA INJERTO (DIFERENTE REGION OPERATORIA)
823400,ESCISION DE MUSCULO O FASCIA DE MANO PARA INJERTO SOD,REEMPLAZA A,823401,ESCISION DE MUSCULO O FASCIA DE MANO PARA INJERTO
823600,OTRA MIECTOMIA DE MANO SOD,REEMPLAZA A,823601,OTRA MIECTOMIA DE MANO
824100,SUTURA DE ENVOLTURA O VAINA DE TENDON DE MANO SOD,REEMPLAZA A,824101,SUTURA DE ENVOLTURA O VAINA DE TENDON DE MANO
825100,AVANZAMIENTO DE TENDON DE MANO SOD,REEMPLAZA A,825101,AVANZAMIENTO DE TENDON DE MANO
825200,RETROCESO DE TENDON DE MANO SOD,REEMPLAZA A,825201,RETROCESO DE TENDON DE MANO
825400,REFIJACION DE MUSCULO DE MANO SOD,REEMPLAZA A,825401,REFIJACION DE MUSCULO DE MANO
825600,OTRO TRASPLANTE O TRANSFERENCIA DE TENDON DE MANO SOD,REEMPLAZA A,825601,OTRO TRASPLANTE O TRANSFERENCIA DE TENDON DE MANO
825900,OTRO TRASPLANTE O TRANSFERENCIA DE MUSCULO DE MANO SOD,REEMPLAZA A,825901,OTRO TRASPLANTE O TRANSFERENCIA DE MUSCULO DE MANO
826100,PULGARIZACION O POLICITACION CON SUMINISTRO NEUROVASCULAR SOD,REEMPLAZA A,826101,PULGARIZACION O POLICITACION CON SUMINISTRO NEUROVASCULAR
827200,PROCEDIMIENTOS PLASTICOS EN MANO CON INJERTO DE MUSCULO O FASCIA SOD,REEMPLAZA A,827201,PROCEDIMIENTOS PLASTICOS EN MANO CON INJERTO DE MUSCULO O FASCIA
829200,ASPIRACION DE BURSA DE MANO SOD,REEMPLAZA A,829201,ASPIRACION DE BURSA DE MANO
829300,ASPIRACION DE OTRO TEJIDO BLANDO DE MANO SOD,REEMPLAZA A,829301,ASPIRACION DE OTRO TEJIDO BLANDO DE MANO
829400,INYECCION DE SUSTANCIA TERAPEUTICA DENTRO DE BURSA DE MANO SOD,REEMPLAZA A,829401,INYECCION DE SUSTANCIA TERAPEUTICA DENTRO DE BURSA DE MANO
829500,INYECCION DE SUSTANCIA TERAPEUTICA DENTRO DE TENDON DE MANO SOD,REEMPLAZA A,829501,INYECCION DE SUSTANCIA TERAPEUTICA DENTRO DE TENDON DE MANO
834100,ESCISION DE TENDON PARA INJERTO (DIFERENTE REGION OPERATORIA) SOD,REEMPLAZA A,834101,ESCISION DE TENDON PARA INJERTO (DIFERENTE REGION OPERATORIA)
834300,ESCISION DE MUSCULO O FASCIA PARA INJERTO SOD,REEMPLAZA A,834301,ESCISION DE MUSCULO O FASCIA PARA INJERTO
835100,BURSECTOMIA ABIERTA SOD,REEMPLAZA A,835101,BURSECTOMIA ABIERTA
835500,BURSECTOMIA POR ARTROSCOPIA SOD,REEMPLAZA A,835501,BURSECTOMIA POR ARTROSCOPIA
836100,SUTURA DE ENVOLTURA DE TENDON SOD,REEMPLAZA A,836101,SUTURA DE ENVOLTURA DE TENDON
837100,AVANZAMIENTO DE TENDON SOD,REEMPLAZA A,837101,AVANZAMIENTO DE TENDON
837200,RETROCESO DE TENDON SOD,REEMPLAZA A,837201,RETROCESO DE TENDON
837300,REFIJACION DE TENDON SOD,REEMPLAZA A,837301,REFIJACION DE TENDON
837400,REFIJACION DE MUSCULO SOD,REEMPLAZA A,837401,REFIJACION DE MUSCULO
838100,INJERTO DE TENDON SOD,REEMPLAZA A,838101,INJERTO DE TENDON
838200,INJERTO DE MUSCULO O FASCIA SOD,REEMPLAZA A,838201,INJERTO DE MUSCULO O FASCIA
839200,INSERCION O REEMPLAZO DE ESTIMULADOR MUSCULO ESQUELETICO SOD,REEMPLAZA A,839201,INSERCION O REEMPLAZO DE ESTIMULADOR MUSCULO ESQUELETICO
839300,ELIMINACION DE ESTIMULADOR MUSCULO ESQUELETICO SOD,REEMPLAZA A,839301,ELIMINACION DE ESTIMULADOR MUSCULO ESQUELETICO
839400,ASPIRACION DE BURSA SOD,REEMPLAZA A,839401,ASPIRACION DE BURSA
839500,ASPIRACION DE OTRO TEJIDO BLANDO SOD,REEMPLAZA A,839501,ASPIRACION DE OTRO TEJIDO BLANDO
839600,INYECCION O INFILTRACION DE SUSTANCIA TERAPEUTICA DENTRO DE BURSA SOD,REEMPLAZA A,839601,INYECCION O INFILTRACION DE SUSTANCIA TERAPEUTICA DENTRO DE BURSA
839700,INYECCION O INFILTRACION DE SUSTANCIA TERAPEUTICA DENTRO DE TENDON SOD,REEMPLAZA A,839701,INYECCION O INFILTRACION DE SUSTANCIA TERAPEUTICA DENTRO DE TENDON
840100,AMPUTACION Y DESARTICULACION DE DEDOS DE LA MANO (UNO O MAS) SOD,REEMPLAZA A,840101,AMPUTACION Y DESARTICULACION DE DEDOS DE LA MANO (UNO O MAS)
840200,AMPUTACION Y DESARTICULACION DE PULGAR SOD,REEMPLAZA A,840201,AMPUTACION Y DESARTICULACION DE PULGAR
840300,AMPUTACION A TRAVES DE MANO (CARPO) SOD,REEMPLAZA A,840301,AMPUTACION A TRAVES DE MANO (CARPO)
840400,DESARTICULACION DE MUÑECA SOD,REEMPLAZA A,840401,DESARTICULACION DE MUÑECA
840500,AMPUTACION A TRAVES DE ANTEBRAZO SOD,REEMPLAZA A,840501,AMPUTACION A TRAVES DE ANTEBRAZO
840600,DESARTICULACION DE CODO SOD,REEMPLAZA A,840601,DESARTICULACION DE CODO
840800,DESARTICULACION DE HOMBRO SOD,REEMPLAZA A,840801,DESARTICULACION DE HOMBRO
840900,AMPUTACION INTERTORACO ESCAPULAR SOD,REEMPLAZA A,840901,AMPUTACION INTERTORACO ESCAPULAR
841300,DESARTICULACION DE TOBILLO SOD,REEMPLAZA A,841301,DESARTICULACION DE TOBILLO
841400,AMPUTACION DE TOBILLO A TRAVES DEL MALEOLO DE TIBIA Y PERONE SOD,REEMPLAZA A,841401,AMPUTACION DE TOBILLO A TRAVES DEL MALEOLO DE TIBIA Y PERONE
841500,AMPUTACION O DESARTICULACION DE PIERNA SOD,REEMPLAZA A,841501,AMPUTACION O DESARTICULACION DE PIERNA
841600,DESARTICULACION DE RODILLA SOD,REEMPLAZA A,841601,DESARTICULACION DE RODILLA
841700,AMPUTACION POR ENCIMA DE RODILLA SOD,REEMPLAZA A,841701,AMPUTACION POR ENCIMA DE RODILLA
841800,DESARTICULACION DE CADERA SOD,REEMPLAZA A,841801,DESARTICULACION DE CADERA
842100,REIMPLANTE DE PULGAR SOD,REEMPLAZA A,842101,REIMPLANTE DE PULGAR
842500,REIMPLANTE DE ARTEJOS SOD,REEMPLAZA A,842501,REIMPLANTE DE ARTEJOS
842600,REIMPLANTE DE PIE SOD,REEMPLAZA A,842601,REIMPLANTE DE PIE
842700,REIMPLANTE DE PIERNA SOD,REEMPLAZA A,842701,REIMPLANTE DE PIERNA
842800,REIMPLANTE DE MUSLO SOD,REEMPLAZA A,842801,REIMPLANTE DE MUSLO
843100,REMODELACION [RECONSTRUCCION] (REVISION) DEL MUÑON DE AMPUTACION DE HOMBRO SOD,REEMPLAZA A,843101,REMODELACION [RECONSTRUCCION] (REVISION) DEL MUÑON DE AMPUTACION DE HOMBRO
843200,REMODELACION [RECONSTRUCCION] (REVISION) DEL MUÑON DE AMPUTACION DE ANTEBRAZO SOD,REEMPLAZA A,843201,REMODELACION [RECONSTRUCCION] (REVISION) DEL MUÑON DE AMPUTACION DE ANTEBRAZO
843300,REMODELACION [RECONSTRUCCION] (REVISION) DEL MUÑON DE AMPUTACION DE BRAZO SOD,REEMPLAZA A,843301,REMODELACION [RECONSTRUCCION] (REVISION) DEL MUÑON DE AMPUTACION DE BRAZO
843400,REMODELACION [RECONSTRUCCION] (REVISION) DEL MUÑON DE AMPUTACION DE MANO SOD,REEMPLAZA A,843401,REMODELACION [RECONSTRUCCION] (REVISION) DEL MUÑON DE AMPUTACION DE MANO
843500,REMODELACION [RECONSTRUCCION] (REVISION) DEL MUÑON DE AMPUTACION DE DEDOS DE MANO (UNO O MAS) SOD,REEMPLAZA A,843501,REMODELACION [RECONSTRUCCION] (REVISION) DEL MUÑON DE AMPUTACION DE DEDOS DE MANO (UNO O MAS)
843600,REMODELACION [RECONSTRUCCION] (REVISION) DEL MUÑON DE AMPUTACION DE MUSLO SOD,REEMPLAZA A,843601,REMODELACION [RECONSTRUCCION] (REVISION) DEL MUÑON DE AMPUTACION DE MUSLO
843700,REMODELACION [RECONSTRUCCION] (REVISION) DEL MUÑON DE AMPUTACION DE LA PIERNA SOD,REEMPLAZA A,843701,REMODELACION [RECONSTRUCCION] (REVISION) DEL MUÑON DE AMPUTACION DE LA PIERNA
843800,REMODELACION [RECONSTRUCCION] (REVISION) DEL MUÑON DE AMPUTACION DEL PIE O ARTEJOS SOD,REEMPLAZA A,843801,REMODELACION [RECONSTRUCCION] (REVISION) DEL MUÑON DE AMPUTACION DEL PIE O ARTEJOS
843900,REMODELACION [RECONSTRUCCION] (REVISION) DEL MUÑON DE AMPUTACION DE CADERA SOD,REEMPLAZA A,843901,REMODELACION [RECONSTRUCCION] (REVISION) DEL MUÑON DE AMPUTACION DE CADERA
844100,IMPLANTACION DE PROTESIS DE BRAZO Y HOMBRO SOD,REEMPLAZA A,844101,IMPLANTACION DE PROTESIS DE BRAZO Y HOMBRO
844200,IMPLANTACION DE PROTESIS DE ANTEBRAZO Y MANO SOD,REEMPLAZA A,844201,IMPLANTACION DE PROTESIS DE ANTEBRAZO Y MANO
844300,IMPLANTACION DE PROTESIS POR ENCIMA DE RODILLA SOD,REEMPLAZA A,844301,IMPLANTACION DE PROTESIS POR ENCIMA DE RODILLA
844400,IMPLANTACION DE PROTESIS POR DEBAJO DE RODILLA SOD,REEMPLAZA A,844401,IMPLANTACION DE PROTESIS POR DEBAJO DE RODILLA
844500,IMPLANTACION DE PROTESIS DE PIERNA SOD,REEMPLAZA A,844501,IMPLANTACION DE PROTESIS DE PIERNA
849200,SEPARACION DE GEMELOS UNIDOS IGUALES SOD,REEMPLAZA A,849201,SEPARACION DE GEMELOS UNIDOS IGUALES
849300,SEPARACION DE GEMELOS UNIDOS DESIGUALES SOD,REEMPLAZA A,849301,SEPARACION DE GEMELOS UNIDOS DESIGUALES
849400,CORRECCION DE SINOSTOSIS RADIOCUBITAL SOD,REEMPLAZA A,849401,CORRECCION DE SINOSTOSIS RADIOCUBITAL
850100,DRENAJE EN MAMA DE COLECCION POR MASTOTOMIA O MAMOTOMIA SOD,REEMPLAZA A,850101,DRENAJE EN MAMA DE COLECCION POR MASTOTOMIA O MAMOTOMIA
851200,BIOPSIA ABIERTA DE MAMA SOD,REEMPLAZA A,851201,BIOPSIA ABIERTA DE MAMA
852100,RESECCION LOCAL DE LESION DE MAMA SOD,REEMPLAZA A,852101,RESECCION LOCAL DE LESION DE MAMA
852300,MASTECTOMIA SUBTOTAL SOD,REEMPLAZA A,852301,MASTECTOMIA SUBTOTAL
858200,INJERTO DE GROSOR PARCIAL EN LA PIEL DE LA MAMA SOD,REEMPLAZA A,858201,INJERTO DE GROSOR PARCIAL EN LA PIEL DE LA MAMA
858300,INJERTO DE GROSOR TOTAL EN LA PIEL DE LA MAMA SOD,REEMPLAZA A,858301,INJERTO DE GROSOR TOTAL EN LA PIEL DE LA MAMA
862900,FISTULECTOMIA DE PIEL Y TEJIDO CELULAR SUBCUTANEO SOD,REEMPLAZA A,862901,FISTULECTOMIA DE PIEL Y TEJIDO CELULAR SUBCUTANEO
866300,INJERTO CONDROCUTANEO SOD,REEMPLAZA A,866301,INJERTO CONDROCUTANEO
867500,REVISION DE INJERTO O COLGAJO SOD,REEMPLAZA A,867501,REVISION DE INJERTO O COLGAJO
869400,RETIRO DE SUTURA EN PIEL O TEJIDO CELULAR SUBCUTANEO SOD,REEMPLAZA A,869401,RETIRO DE SUTURA EN PIEL O TEJIDO CELULAR SUBCUTANEO
869500,CURACION DE LESION EN PIEL O TEJIDO CELULAR SUBCUTANEO SOD,REEMPLAZA A,869501,CURACION DE LESION EN PIEL O TEJIDO CELULAR SUBCUTANEO
869700,RETIRO DE EXPANSOR TISULAR (UNICO O MULTIPLE) SOD,REEMPLAZA A,869701,RETIRO DE EXPANSOR TISULAR (UNICO O MULTIPLE)
874200,CISTERNOGRAFIA SOD,REEMPLAZA A,874201,CISTERNOGRAFIA
874700,SIALOGRAFIA (CUALQUIER GLANDULA) SOD,REEMPLAZA A,874701,SIALOGRAFIA (CUALQUIER GLANDULA)
876400,LINFANGIOGRAFIA INTRATORACICA SOD,REEMPLAZA A,876401,LINFANGIOGRAFIA INTRATORACICA
891000,PRUEBA DEL AMOBARBITAL INTRACAROTIDEO [WADA] SOD,REEMPLAZA A,891001,PRUEBA DEL AMOBARBITAL INTRACAROTIDEO [WADA]
891100,TONOMETRIA SOD,REEMPLAZA A,891101,TONOMETRIA
892100,MANOMETRIA PIELICA SOD,REEMPLAZA A,892101,MANOMETRIA PIELICA
892200,CISTOMETROGRAMA SOD,REEMPLAZA A,892201,CISTOMETROGRAMA
892400,UROFLUJOMETRIA SOD,REEMPLAZA A,892401,UROFLUJOMETRIA
892500,PERFIL DE PRESION URETRAL SOD,REEMPLAZA A,892501,PERFIL DE PRESION URETRAL
892600,ESFINTEROMANOMETRIA SOD,REEMPLAZA A,892601,ESFINTEROMANOMETRIA
892800,CISTOMETRIA SOD,REEMPLAZA A,892801,CISTOMETRIA
893300,EXAMEN DIGITAL DE ESTOMA DE ENTEROSTOMIA SOD,REEMPLAZA A,893301,EXAMEN DIGITAL DE ESTOMA DE ENTEROSTOMIA
893400,EXAMEN DIGITAL DE RECTO SOD,REEMPLAZA A,893401,EXAMEN DIGITAL DE RECTO
894500,COMPROBACION DE RITMO DE MARCAPASOS ARTIFICIAL SOD,REEMPLAZA A,894501,COMPROBACION DE RITMO DE MARCAPASOS ARTIFICIAL
894700,COMPROBACION DE IMPEDANCIA DE ELECTRODO DE MARCAPASOS ARTIFICIAL SOD,REEMPLAZA A,894701,COMPROBACION DE IMPEDANCIA DE ELECTRODO DE MARCAPASOS ARTIFICIAL
894800,COMPROBACION DE UMBRAL DE TENSION (AMPERAJE) DE MARCAPASO ARTIFICIAL SOD,REEMPLAZA A,894801,COMPROBACION DE UMBRAL DE TENSION (AMPERAJE) DE MARCAPASO ARTIFICIAL
895100,ELECTROCARDIOGRAMA DE RITMO O DE SUPERFICIE SOD,REEMPLAZA A,895101,ELECTROCARDIOGRAMA DE RITMO O DE SUPERFICIE
895300,VECTOCARDIOGRAMA (CON ECG) SOD,REEMPLAZA A,895301,VECTOCARDIOGRAMA (CON ECG)
895500,FONOCARDIOGRAMA Y PULSOS SOD,REEMPLAZA A,895501,FONOCARDIOGRAMA Y PULSOS
895700,APICOGRAMA (CON ELECTRODO DE ECG) SOD,REEMPLAZA A,895701,APICOGRAMA (CON ELECTRODO DE ECG)
896200,MONITORIZACION DE PRESION VENOSA CENTRAL SOD,REEMPLAZA A,896201,MONITORIZACION DE PRESION VENOSA CENTRAL
896300,MONITORIZACION DE PRESION DE ARTERIA PULMONAR SOD,REEMPLAZA A,896301,MONITORIZACION DE PRESION DE ARTERIA PULMONAR
896400,MONITORIZACION DE PRESION DE CAPILAR PULMONAR SOD,REEMPLAZA A,896401,MONITORIZACION DE PRESION DE CAPILAR PULMONAR
896700,MONITORIZACION DE GASTO CARDIACO POR TECNICAS DE CONSUMO DE OXIGENO SOD,REEMPLAZA A,896701,MONITORIZACION DE GASTO CARDIACO POR TECNICAS DE CONSUMO DE OXIGENO
921100,DACRIOCISTOGAMAGRAFIA [GAMAGRAFIA DE VIAS LAGRIMALES] SOD,REEMPLAZA A,921101,DACRIOCISTOGAMAGRAFIA [GAMAGRAFIA DE VIAS LAGRIMALES]
921200,GAMAGRAFIA CON GALIO 67 SOD,REEMPLAZA A,921201,GAMAGRAFIA CON GALIO 67
921600,GAMAGRAFIA DE ANTICUERPOS MONOCLONALES SOD,REEMPLAZA A,921601,GAMAGRAFIA DE ANTICUERPOS MONOCLONALES
921800,GAMAGRAFIA DE PANCREAS SOD,REEMPLAZA A,921801,GAMAGRAFIA DE PANCREAS
930200,EVALUACION ORTESICA SOD,REEMPLAZA A,930201,EVALUACION ORTESICA
930300,EVALUACION PROTESICA EN EXTREMIDADES SOD,REEMPLAZA A,930301,EVALUACION PROTESICA EN EXTREMIDADES
930900,OTROS PROCEDIMIENTOS DIAGNOSTICOS EN DESEMPEÑO FUNCIONAL Y REHABILITACION SOD,REEMPLAZA A,930901,OTROS PROCEDIMIENTOS DIAGNOSTICOS EN DESEMPEÑO FUNCIONAL Y REHABILITACION
931600,MODALIDADES MECANICAS DE TERAPIA SOD,REEMPLAZA A,931601,MODALIDADES MECANICAS DE TERAPIA
931700,MODALIDADES NEUMATICAS DE TERAPIA SOD,REEMPLAZA A,931701,MODALIDADES NEUMATICAS DE TERAPIA
932400,DISEÑO - ADECUACION Y ENTRENAMIENTO EN USO DE TECNOLOGIA DE REHABILITACION SOD,REEMPLAZA A,932401,DISEÑO - ADECUACION Y ENTRENAMIENTO EN USO DE TECNOLOGIA DE REHABILITACION
933300,TERAPIA MODALIDADES HIDRAULICAS E HIDRICAS SOD,REEMPLAZA A,933301,TERAPIA MODALIDADES HIDRAULICAS E HIDRICAS
933700,ENTRENAMIENTO PRE - PERI Y POST PARTO SOD,REEMPLAZA A,933701,ENTRENAMIENTO PRE - PERI Y POST PARTO
935000,INMOVILIZACION - PRESION Y CUIDADO DE HERIDA SOD,REEMPLAZA A,935001,INMOVILIZACION - PRESION Y CUIDADO DE HERIDA
935100,APLICACION DE VENDAJE ENYESADO SOD,REEMPLAZA A,935101,APLICACION DE VENDAJE ENYESADO
935400,APLICACION DE FERULA SOD,REEMPLAZA A,935401,APLICACION DE FERULA
935500,APLICACION DE ALAMBRE DENTAL SOD,REEMPLAZA A,935501,APLICACION DE ALAMBRE DENTAL
935700,APLICACION DE OTRO VENDAJE (NO COMPRESIVO) EN HERIDA SOD,REEMPLAZA A,935701,APLICACION DE OTRO VENDAJE (NO COMPRESIVO) EN HERIDA
936100,TRATAMIENTO MANIPULATIVO OSTEOPATICO PARA MOVILIZACION GENERAL (TRATAMIENTO GENERAL DE ARTICULACIONES) SOD,REEMPLAZA A,936101,TRATAMIENTO MANIPULATIVO OSTEOPATICO PARA MOVILIZACION GENERAL (TRATAMIENTO GENERAL DE ARTICULACIONES)
936200,TRATAMIENTO MANIPULATIVO OSTEOPATICO CON EMPLEO DE FUERZAS DE ALTA VELOCIDAD Y BAJA AMPLITUD (FUERZAS DE EMPUJE) SOD,REEMPLAZA A,936201,TRATAMIENTO MANIPULATIVO OSTEOPATICO CON EMPLEO DE FUERZAS DE ALTA VELOCIDAD Y BAJA AMPLITUD (FUERZAS DE EMPUJE)
936300,TRATAMIENTO MANIPULATIVO OSTEOPATICO CON EMPLEO DE FUERZAS DE BAJA VELOCIDAD Y ALTA AMPLITUD (FUERZAS DE RESORTE) SOD,REEMPLAZA A,936301,TRATAMIENTO MANIPULATIVO OSTEOPATICO CON EMPLEO DE FUERZAS DE BAJA VELOCIDAD Y ALTA AMPLITUD (FUERZAS DE RESORTE)
936400,TRATAMIENTO MANIPULATIVO OSTEOPATICO CON EMPLEO DE FUERZAS ISOTONICAS E ISOMETRICAS SOD,REEMPLAZA A,936401,TRATAMIENTO MANIPULATIVO OSTEOPATICO CON EMPLEO DE FUERZAS ISOTONICAS E ISOMETRICAS
936500,TRATAMIENTO MANIPULATIVO OSTEOPATICO CON EMPLEO DE FUERZAS INDIRECTAS SOD,REEMPLAZA A,936501,TRATAMIENTO MANIPULATIVO OSTEOPATICO CON EMPLEO DE FUERZAS INDIRECTAS
936600,TRATAMIENTO MANIPULATIVO OSTEOPATICO PARA DESPLAZAR LIQUIDOS DE TEJIDOS (BOMBA LINFATICA) SOD,REEMPLAZA A,936601,TRATAMIENTO MANIPULATIVO OSTEOPATICO PARA DESPLAZAR LIQUIDOS DE TEJIDOS (BOMBA LINFATICA)
936800,INMOVILIZACION O MANIPULACION ARTICULAR INESPECIFICA SOD,REEMPLAZA A,936801,INMOVILIZACION O MANIPULACION ARTICULAR INESPECIFICA
937000,TERAPIA FONOAUDIOLOGICA INTEGRAL SOD,REEMPLAZA A,937001,TERAPIA FONOAUDIOLOGICA INTEGRAL
937300,TERAPIA FONOAUDIOLOGICA PARA DESORDENES AUDITIVOS COMUNICATIVOS SOD,REEMPLAZA A,937301,TERAPIA FONOAUDIOLOGICA PARA DESORDENES AUDITIVOS COMUNICATIVOS
937400,TERAPIA FONOAUDIOLOGICA PARA DESORDENES COGNITIVO COMUNICATIVOS SOD,REEMPLAZA A,937401,TERAPIA FONOAUDIOLOGICA PARA DESORDENES COGNITIVO COMUNICATIVOS
939000,RESPIRACION DE PRESION POSITIVA CONTINUA [RPPC] SOD,REEMPLAZA A,939001,RESPIRACION DE PRESION POSITIVA CONTINUA [RPPC]
939100,RESPIRACION DE PRESION POSITIVA INTERMITENTE [RPPI] SOD,REEMPLAZA A,939101,RESPIRACION DE PRESION POSITIVA INTERMITENTE [RPPI]
939300,METODOS DE RESUCITACION NO MECANICOS (RESPIRACION ARTIFICIAL - BOCA A BOCA - MANUAL) SOD,REEMPLAZA A,939301,METODOS DE RESUCITACION NO MECANICOS (RESPIRACION ARTIFICIAL - BOCA A BOCA - MANUAL)
939500,OXIGENACION HIPERBARICA SOD,REEMPLAZA A,939501,OXIGENACION HIPERBARICA
939800,OTRO CONTROL DE PRESION Y COMPOSICION ATMOSFERICA (TERAPIA CON HELIO Y AIRE ACONDICIONADO LIBRE DE ANTIGENOS) SOD,REEMPLAZA A,939801,OTRO CONTROL DE PRESION Y COMPOSICION ATMOSFERICA (TERAPIA CON HELIO Y AIRE ACONDICIONADO LIBRE DE ANTIGENOS)
941400,EVALUACION DE SALUD MENTAL POR EQUIPO INTERDISCIPLINARIO SOD,REEMPLAZA A,941401,EVALUACION DE SALUD MENTAL POR EQUIPO INTERDISCIPLINARIO
942600,TERAPIA ELECTROCONVULSIVA CON ANESTESIA Y RELAJACIONES [TECAR] SOD,REEMPLAZA A,942601,TERAPIA ELECTROCONVULSIVA CON ANESTESIA Y RELAJACIONES [TECAR]
943500,INTERVENCION EN CRISIS SOD,REEMPLAZA A,943501,INTERVENCION EN CRISIS
953800,BETATERAPIA SOD,REEMPLAZA A,953801,BETATERAPIA
960100,INSERCION DE VIA AEREA NASOFARINGEA SOD,REEMPLAZA A,960101,INSERCION DE VIA AEREA NASOFARINGEA
960200,INSERCION DE VIA AEREA OROFARINGEA SOD,REEMPLAZA A,960201,INSERCION DE VIA AEREA OROFARINGEA
960300,INSERCION DE VIA AEREA OBTURADA ESOFAGICA SOD,REEMPLAZA A,960301,INSERCION DE VIA AEREA OBTURADA ESOFAGICA
960600,INSERCION DE TUBO O SONDA (TAPONAMIENTO ESOFAGICO) SOD,REEMPLAZA A,960601,INSERCION DE TUBO O SONDA (TAPONAMIENTO ESOFAGICO)
960700,INSERCION DE OTRO TUBO O SONDA NASO-GASTRICA (INTUBACION PARA DECOMPRESION) SOD,REEMPLAZA A,960701,INSERCION DE OTRO TUBO O SONDA NASO-GASTRICA (INTUBACION PARA DECOMPRESION)
960900,INSERCION O SUSTITUCION DE TUBO O SONDA RECTAL SOD,REEMPLAZA A,960901,INSERCION O SUSTITUCION DE TUBO O SONDA RECTAL
961200,INSERCION ADAPTACION DE APARATO ORTOPEDICO ORAL SOD,REEMPLAZA A,961201,INSERCION ADAPTACION DE APARATO ORTOPEDICO ORAL
961400,TAPONAMIENTO VAGINAL SOD,REEMPLAZA A,961401,TAPONAMIENTO VAGINAL
962100,DILATACION DEL RECTO SOD,REEMPLAZA A,962101,DILATACION DEL RECTO
962200,DILATACION DEL ESFINTER ANAL SOD,REEMPLAZA A,962201,DILATACION DEL ESFINTER ANAL
962300,DILATACION INSTRUMENTAL O MANUAL DE LA VAGINA SOD,REEMPLAZA A,962301,DILATACION INSTRUMENTAL O MANUAL DE LA VAGINA
962400,DILATACION Y MANIPULACION DE ESTOMA DE ENTEROSTOMIA SOD,REEMPLAZA A,962401,DILATACION Y MANIPULACION DE ESTOMA DE ENTEROSTOMIA
962600,REDUCCION MANUAL DE PROLAPSO RECTAL SOD,REEMPLAZA A,962601,REDUCCION MANUAL DE PROLAPSO RECTAL
962700,REDUCCION MANUAL DE HERNIA SOD,REEMPLAZA A,962701,REDUCCION MANUAL DE HERNIA
963100,LAVADO GASTRICO PARA HIPOTERMIA O CONGELACION GASTRICA SOD,REEMPLAZA A,963101,LAVADO GASTRICO PARA HIPOTERMIA O CONGELACION GASTRICA
963300,LAVADO GASTRICO DE LIMPIEZA SOD,REEMPLAZA A,963301,LAVADO GASTRICO DE LIMPIEZA
963800,EXTRACCION DIGITAL O MANUAL DE HECES IMPACTADAS SOD,REEMPLAZA A,963801,EXTRACCION DIGITAL O MANUAL DE HECES IMPACTADAS
964100,IRRIGACION - LAVADO O LIMPIEZA E INSTILACION LOCAL DE COLECISTOSMIA Y OTRO TUBO BILIAR SOD,REEMPLAZA A,964101,IRRIGACION - LAVADO O LIMPIEZA E INSTILACION LOCAL DE COLECISTOSMIA Y OTRO TUBO BILIAR
964900,INSTILACION GENITOURINARIA SOD,REEMPLAZA A,964901,INSTILACION GENITOURINARIA
965100,IRRIGACION Y LAVADO DEL OJO SOD,REEMPLAZA A,965101,IRRIGACION Y LAVADO DEL OJO
965500,LIMPIEZA Y CUIDADOS DE TRAQUEOSTOMIA SOD,REEMPLAZA A,965501,LIMPIEZA Y CUIDADOS DE TRAQUEOSTOMIA
970100,SUSTITUCION DE TUBO (SONDA) NASOGASTRICO O DE ESOFAGOSTOMIA SOD,REEMPLAZA A,970101,SUSTITUCION DE TUBO (SONDA) NASOGASTRICO O DE ESOFAGOSTOMIA
970200,SUSTITUCION DE TUBO (SONDA) DE GASTROSTOMIA SOD,REEMPLAZA A,970201,SUSTITUCION DE TUBO (SONDA) DE GASTROSTOMIA
971100,SUSTITUCION DE ESCAYOLA O FERULA EN MIEMBRO SUPERIOR SOD,REEMPLAZA A,971101,SUSTITUCION DE ESCAYOLA O FERULA EN MIEMBRO SUPERIOR
971200,SUSTITUCION DE ESCAYOLA O FERULA EN MIEMBRO INFERIOR SOD,REEMPLAZA A,971201,SUSTITUCION DE ESCAYOLA O FERULA EN MIEMBRO INFERIOR
971400,SUSTITUCION DE OTRO DISPOSITIVO PARA INMOVILIZACION MUSCULOESQUELETICA SOD,REEMPLAZA A,971401,SUSTITUCION DE OTRO DISPOSITIVO PARA INMOVILIZACION MUSCULOESQUELETICA
971500,SUSTITUCION DE CATETER DE HERIDA SOD,REEMPLAZA A,971501,SUSTITUCION DE CATETER DE HERIDA
971600,SUSTITUCION DE TAPON O DRENAJE DE HERIDA SOD,REEMPLAZA A,971601,SUSTITUCION DE TAPON O DRENAJE DE HERIDA
972100,SUSTITUCION DE TAPON NASAL SOD,REEMPLAZA A,972101,SUSTITUCION DE TAPON NASAL
972200,SUSTITUCION DE TAPON DENTAL SOD,REEMPLAZA A,972201,SUSTITUCION DE TAPON DENTAL
972300,SUSTITUCION DE TUBO DE TRAQUEOSTOMIA SOD,REEMPLAZA A,972301,SUSTITUCION DE TUBO DE TRAQUEOSTOMIA
972400,SUSTITUCION DE DIAFRAGMA VAGINAL SOD,REEMPLAZA A,972401,SUSTITUCION DE DIAFRAGMA VAGINAL
972600,SUSTITUCION DE OTRO TAPON (MECHA) O DRENAJE VAGINAL O VULVAR SOD,REEMPLAZA A,972601,SUSTITUCION DE OTRO TAPON (MECHA) O DRENAJE VAGINAL O VULVAR
973100,EXTRACCION DE PROTESIS OCULAR SOD,REEMPLAZA A,973101,EXTRACCION DE PROTESIS OCULAR
973200,EXTRACCION DE TAPON NASAL SOD,REEMPLAZA A,973201,EXTRACCION DE TAPON NASAL
973300,EXTRACCION DE FERULAS DENTALES SOD,REEMPLAZA A,973301,EXTRACCION DE FERULAS DENTALES
973400,EXTRACCION DE APARATOLOGIA ORTODONTICA FIJA SOD,REEMPLAZA A,973401,EXTRACCION DE APARATOLOGIA ORTODONTICA FIJA
973500,EXTRACCION DE PROTESIS DENTAL SOD,REEMPLAZA A,973501,EXTRACCION DE PROTESIS DENTAL
973700,EXTRACCION DE TUBO DE TRAQUEOSTOMIA SOD,REEMPLAZA A,973701,EXTRACCION DE TUBO DE TRAQUEOSTOMIA
973800,RETIRO DE SUTURAS DE CABEZA Y CUELLO (RETIRO DE PUNTOS) SOD,REEMPLAZA A,973801,RETIRO DE SUTURAS DE CABEZA Y CUELLO (RETIRO DE PUNTOS)
974100,EXTRACCION DE TUBO DE TORACOTOMIA O DE DRENAJE DE CAVIDAD PLEURAL SOD,REEMPLAZA A,974101,EXTRACCION DE TUBO DE TORACOTOMIA O DE DRENAJE DE CAVIDAD PLEURAL
974200,EXTRACCION DE DREN MEDIASTINICO SOD,REEMPLAZA A,974201,EXTRACCION DE DREN MEDIASTINICO
974300,RETIRO DE SUTURAS DE TORAX (RETIRO DE PUNTOS) SOD,REEMPLAZA A,974301,RETIRO DE SUTURAS DE TORAX (RETIRO DE PUNTOS)
975100,EXTRACCION DE TUBO DE GASTROSTOMIA SOD,REEMPLAZA A,975101,EXTRACCION DE TUBO DE GASTROSTOMIA
975200,EXTRACCION DE TUBO DE INTESTINO DELGADO SOD,REEMPLAZA A,975201,EXTRACCION DE TUBO DE INTESTINO DELGADO
975300,EXTRACCION DE TUBO DE INTESTINO GRUESO O APENDICE SOD,REEMPLAZA A,975301,EXTRACCION DE TUBO DE INTESTINO GRUESO O APENDICE
975400,EXTRACCION DE TUBO DE COLECISTOSTOMIA SOD,REEMPLAZA A,975401,EXTRACCION DE TUBO DE COLECISTOSTOMIA
975500,EXTRACCION DE TUBO EN T U OTRO TUBO DE VIA BILIAR O TUBO HEPATICO SOD,REEMPLAZA A,975501,EXTRACCION DE TUBO EN T U OTRO TUBO DE VIA BILIAR O TUBO HEPATICO
975600,EXTRACCION DE TUBO O DREN PANCREATICO SOD,REEMPLAZA A,975601,EXTRACCION DE TUBO O DREN PANCREATICO
975900,EXTRACCION DE OTRO DISPOSITIVO TERAPEUTICO DEL APARATO DIGESTIVO SOD,REEMPLAZA A,975901,EXTRACCION DE OTRO DISPOSITIVO TERAPEUTICO DEL APARATO DIGESTIVO
977100,EXTRACCION DE DISPOSITIVO ANTICONCEPTIVO INTRAUTERINO (DIU) SOD,REEMPLAZA A,977101,EXTRACCION DE DISPOSITIVO ANTICONCEPTIVO INTRAUTERINO (DIU)
977200,EXTRACCION DE TAPON INTRAUTERINO SOD,REEMPLAZA A,977201,EXTRACCION DE TAPON INTRAUTERINO
977300,EXTRACCION DE DIAFRAGMA VAGINAL SOD,REEMPLAZA A,977301,EXTRACCION DE DIAFRAGMA VAGINAL
977500,EXTRACCION DE TAPON (MECHA) VAGINAL O VULVAR SOD,REEMPLAZA A,977501,EXTRACCION DE TAPON (MECHA) VAGINAL O VULVAR
978100,EXTRACCION DE DISPOSITIVO DE DRENAJE RETROPERITONEAL SOD,REEMPLAZA A,978101,EXTRACCION DE DISPOSITIVO DE DRENAJE RETROPERITONEAL
978200,EXTRACCION DE DISPOSITIVO DE DRENAJE PERITONEAL SOD,REEMPLAZA A,978201,EXTRACCION DE DISPOSITIVO DE DRENAJE PERITONEAL
978300,EXTRACCION DE SUTURAS DE PARED ABDOMINAL SOD,REEMPLAZA A,978301,EXTRACCION DE SUTURAS DE PARED ABDOMINAL
981100,EXTRACCION SIN INCISION DE CUERPO EXTRAÑO DE CONDUCTO AUDITIVO EXTERNO SOD,REEMPLAZA A,981101,EXTRACCION SIN INCISION DE CUERPO EXTRAÑO DE CONDUCTO AUDITIVO EXTERNO
981300,EXTRACCION SIN INCISION DE CUERPO EXTRAÑO INTRALUMINAL DE LA FARINGE SOD,REEMPLAZA A,981301,EXTRACCION SIN INCISION DE CUERPO EXTRAÑO INTRALUMINAL DE LA FARINGE
981400,EXTRACCION SIN INCISION DE CUERPO EXTRAÑO INTRALUMINAL DE LA LARINGE SOD,REEMPLAZA A,981401,EXTRACCION SIN INCISION DE CUERPO EXTRAÑO INTRALUMINAL DE LA LARINGE
981500,EXTRACCION SIN INCISION DE CUERPO EXTRAÑO INTRALUMINAL DE LA TRAQUEA Y BRONQUIO SOD,REEMPLAZA A,981501,EXTRACCION SIN INCISION DE CUERPO EXTRAÑO INTRALUMINAL DE LA TRAQUEA Y BRONQUIO
981600,EXTRACCION SIN INCISION DE CUERPO EXTRAÑO INTRALUMINAL DEL UTERO SOD,REEMPLAZA A,981601,EXTRACCION SIN INCISION DE CUERPO EXTRAÑO INTRALUMINAL DEL UTERO
981700,EXTRACCION SIN INCISION DE CUERPO EXTRAÑO INTRALUMINAL DE LA VAGINA SOD,REEMPLAZA A,981701,EXTRACCION SIN INCISION DE CUERPO EXTRAÑO INTRALUMINAL DE LA VAGINA
981800,EXTRACCION SIN INCISION DE CUERPO EXTRAÑO INTRALUMINAL EN ESTOMA ARTIFICIAL SOD,REEMPLAZA A,981801,EXTRACCION SIN INCISION DE CUERPO EXTRAÑO INTRALUMINAL EN ESTOMA ARTIFICIAL
982200,EXTRACCION SIN INCISION DE CUERPO EXTRAÑO NO INTRALUMINAL EN CUELLO O CABEZA SOD,REEMPLAZA A,982201,EXTRACCION SIN INCISION DE CUERPO EXTRAÑO NO INTRALUMINAL EN CUELLO O CABEZA
982400,EXTRACCION SIN INCISION DE CUERPO EXTRAÑO NO INTRALUMINAL EN PENE O ESCROTO SOD,REEMPLAZA A,982401,EXTRACCION SIN INCISION DE CUERPO EXTRAÑO NO INTRALUMINAL EN PENE O ESCROTO
982500,EXTRACCION SIN INCISION DE CUERPO EXTRAÑO NO INTRALUMINAL EN OTRO SITIO SALVO EN VULVA - PENE O ESCROTO SOD,REEMPLAZA A,982501,EXTRACCION SIN INCISION DE CUERPO EXTRAÑO NO INTRALUMINAL EN OTRO SITIO SALVO EN VULVA - PENE O ESCROTO
982600,EXTRACCION SIN INCISION DE CUERPO EXTRAÑO EN MANO SOD,REEMPLAZA A,982601,EXTRACCION SIN INCISION DE CUERPO EXTRAÑO EN MANO
982700,EXTRACCION SIN INCISION DE CUERPO EXTRAÑO EN BRAZO Y ANTEBRAZO SOD,REEMPLAZA A,982701,EXTRACCION SIN INCISION DE CUERPO EXTRAÑO EN BRAZO Y ANTEBRAZO
982800,EXTRACCION SIN INCISION DE CUERPO EXTRAÑO EN PIE SOD,REEMPLAZA A,982801,EXTRACCION SIN INCISION DE CUERPO EXTRAÑO EN PIE
982900,EXTRACCION SIN INCISION DE CUERPO EXTRAÑO EN MIEMBRO INFERIOR SALVO PIE SOD,REEMPLAZA A,982901,EXTRACCION SIN INCISION DE CUERPO EXTRAÑO EN MIEMBRO INFERIOR SALVO PIE
985200,LITOTRIPCIA EXTRACORPOREA POR ONDAS DE CHOQUE EN VESICULA O CONDUCTO BILIAR SOD,REEMPLAZA A,985201,LITOTRIPCIA EXTRACORPOREA POR ONDAS DE CHOQUE EN VESICULA O CONDUCTO BILIAR
991100,INYECCION DE GLOBULINA INMUNE RH SOD,REEMPLAZA A,991101,INYECCION DE GLOBULINA INMUNE RH
991600,INYECCION DE ANTIDOTO SOD,REEMPLAZA A,991601,INYECCION DE ANTIDOTO
991800,INFUSION O ADMINISTRACION DE SOLUCIONES DE LIQUIDOS Y ELECTROLITOS SOD,REEMPLAZA A,991801,INFUSION O ADMINISTRACION DE SOLUCIONES DE LIQUIDOS Y ELECTROLITOS
992200,INYECCION O INFUSION DE SUSTANCIA HORMONAL SOD,REEMPLAZA A,992201,INYECCION O INFUSION DE SUSTANCIA HORMONAL
992300,INYECCION O INFILTRACION DE ESTEROIDE SOD,REEMPLAZA A,992301,INYECCION O INFILTRACION DE ESTEROIDE
994100,ADMINISTRACION DE ANTITOXINA TETANICA SOD,REEMPLAZA A,994101,ADMINISTRACION DE ANTITOXINA TETANICA
994200,ADMINISTRACION DE ANTITOXINA DE BOTULISMO SOD,REEMPLAZA A,994201,ADMINISTRACION DE ANTITOXINA DE BOTULISMO
994300,ADMINISTRACION DE ANTITOXINA DIFTERICA SOD,REEMPLAZA A,994301,ADMINISTRACION DE ANTITOXINA DIFTERICA
996300,MASAJE CARDIACO A TORAX CERRADO SOD,REEMPLAZA A,996301,MASAJE CARDIACO A TORAX CERRADO
996400,ESTIMULACION DE SENO CAROTIDEO SOD,REEMPLAZA A,996401,ESTIMULACION DE SENO CAROTIDEO
999200,TERAPIA DE FILTROS SOD,REEMPLAZA A,999201,TERAPIA DE FILTROS
434500,MUCOSECTOMIA ENDOSCOPICA GASTRICA SOD,REEMPLAZA A,434501,MUCOSECTOMIA GASTRICA - VIA ENDOSCOPICA
024300,RETIRO DE DERIVACION SOD,REEMPLAZA A,024301,RETIRO DE DERIVACION VENTRICULAR
076200,ESCISION PARCIAL DE HIPOFISIS VIA TRANSESFENOIDAL SOD,REEMPLAZA A,076201,ESCISION PARCIAL DE HIPOFISIS - VIA TRANSESFENOIDAL
236300,IMPLANTE DENTAL ALOPLASTICO (OSEOINTEGRACION) SOD,REEMPLAZA A,236301,IMPLANTE ALOPLASTICO (OSEOINTEGRACION)
248800,MASCARA FACIAL TERAPEUTICA SOD,REEMPLAZA A,248801,COLOCACION DE MASCARA FACIAL TERAPEUTICA
278200,INCISION DE CAVIDAD BUCAL - ESTRUCTURA NO ESPECIFICADA SOD,REEMPLAZA A,278201,INCISION DE ESTRUCTURA NO ESPECIFICADA EN CAVIDAD BUCAL
387200,LIGADURA DE VENA CAVA (INFERIOR) (SUPERIOR) SOD,REEMPLAZA A,387201,LIGADURA DE VENA CAVA (SUPERIOR O INFERIOR)
390100,ANASTOMOSIS (INJERTO) AORTA ASCENDENTE-ARTERIA PULMONAR SOD,REEMPLAZA A,390101,ANASTOMOSIS (CON O SIN INJERTO) AORTA ASCENDENTE- ARTERIA PULMONAR
390200,ANASTOMOSIS (INJERTO) SUBCLAVIA-PULMONAR SOD,REEMPLAZA A,390201,ANASTOMOSIS (CON O SIN INJERTO) SUBCLAVIA-PULMONAR
392000,DERIVACION O PUENTE VASCULAR EXTRACRANEAL-INTRACRANEANO SOD,REEMPLAZA A,392001,DERIVACION O PUENTE VASCULAR EXTRACRANEAL- INTRACRANEANO
396600,DERIVACION CARDIOPULMONAR PERCUTANEA SOD,REEMPLAZA A,396601,DERIVACION CARDIOPULMONAR - VIA PERCUTANEA
482400,BIOPSIA CERRADA (ENDOSCOPICA) DE RECTO O SIGMOIDE SOD,REEMPLAZA A,482401,BIOPSIA CERRADA DE RECTO O SIGMOIDE - VIA ENDOSCOPICA
482500,BIOPSIA ABIERTA DE RECTO O SIGMOIDE SOD,REEMPLAZA A,482501,BIOPSIA DE RECTO O SIGMOIDE - VIA ABIERTA
512200,FULGURACION DE LESIONES POR COLANGIOPANCREATOGRAFIA ENDOSCOPICA RETROGRADA SOD,REEMPLAZA A,512201,FULGURACION DE LESIONES POR COLANGIOPANCREATOGRAFIA RETROGRADA ENDOSCOPICA
518500,ESFINTERECTOMIA Y PAPILOTOMIA ENDOSCOPICA SOD,REEMPLAZA A,518501,ESFINTERECTOMIA Y PAPILOTOMIA - VIA ENDOSCOPICA
518600,INSERCION ENDOSCOPICA DE TUBO DE DRENAJE NASOBILIAR SOD,REEMPLAZA A,518601,INSERCION DE TUBO DE DRENAJE NASOBILIAR - VIA ENDOSCOPICA
529300,INSERCION ENDOSCOPICA DE TUBO TUTOR (PROTESIS - STENT) EN EL CONDUCTO PANCREATICO SOD,REEMPLAZA A,529301,INSERCION DE TUBO TUTOR (PROTESIS - STENT) EN EL CONDUCTO PANCREATICO - VIA ENDOSCOPICA
529400,EXTRACCION ENDOSCOPICA DE CALCULOS DEL CONDUCTO PANCREATICO SOD,REEMPLAZA A,529401,EXTRACCION DE CALCULOS DEL CONDUCTO PANCREATICO - VIA ENDOSCOPICA
529700,INSERCION ENDOSCOPICA DE TUBO DE DRENAJE NASOPANCREATICO SOD,REEMPLAZA A,529701,INSERCION DE TUBO DE DRENAJE NASOPANCREATICO - VIA ENDOSCOPICA
529800,DILATACION ENDOSCOPICA DE DUCTO PANCREATICO SOD,REEMPLAZA A,529801,DILATACION DE DUCTO PANCREATICO - VIA ENDOSCOPICA
546100,NUEVO CIERRE DE DISRUPCION POSTOPERATORIA DE PARED ABDOMINAL (EVISCERACION) SOD,REEMPLAZA A,546101,CIERRE DE DISRUPCION POSTOPERATORIA DE PARED ABDOMINAL (EVISCERACION)
549400,CREACION DE DERIVACION [CORTOCIRCUITO] PERITONEO-VASCULAR SOD,REEMPLAZA A,549401,CREACION DE DERIVACION [CORTOCIRCUITO] PERITONEO- VASCULAR
574100,ABLACION TRANSURETRAL DE ADHERENCIAS INTRALUMINALES VESICALES SOD,REEMPLAZA A,574101,ABLACION DE ADHERENCIAS INTRALUMINALES VESICALES TRANSURETRAL
607100,ASPIRACION (PERCUTANEA) CON (AGUJA) DE VESICULAS SEMINALES SOD,REEMPLAZA A,607101,ASPIRACION DE VESICULAS SEMINALES CON AGUJA - VIA PERCUTANEA
609100,ASPIRACION PERCUTANEA DE PROSTATA SOD,REEMPLAZA A,609101,ASPIRACION DE PROSTATA - VIA PERCUTANEA
614200,FISTULECTOMIA DEL ESCROTO SOD,REEMPLAZA A,614201,FISTULECTOMIA DE ESCROTO
621100,BIOPSIA CERRADA (PERCUTANEA) (AGUJA) DE TESTICULO SOD,REEMPLAZA A,621101,BIOPSIA CERRADA DE TESTICULO - VIA PERCUTANEA CON AGUJA
621200,BIOPSIA ABIERTA DE TESTICULO SOD,REEMPLAZA A,621201,BIOPSIA DE TESTICULO - VIA ABIERTA
639300,INCISION Y DRENAJE DE CORDON ESPERMATICO SOD,REEMPLAZA A,639301,INCISION O DRENAJE DE CORDON ESPERMATICO
768500,INSERCION DE EXPANSOR DE PERIOSTO EN HUESO O ARTICULACION FACIAL SOD,REEMPLAZA A,768501,INSERCION DE EXPANSOR DE PERIOSTIO EN HUESO O ARTICULACION FACIAL
777200,TOMA DE INJERTO OSEO EN HUMERO SOD,REEMPLAZA A,777201,TOMA DE INJERTO OSEO DE HUMERO
777300,TOMA DE INJERTO OSEO EN RADIO O CUBITO SOD,REEMPLAZA A,777301,TOMA DE INJERTO OSEO DE RADIO O CUBITO
828200,REPARACION DE DEFORMIDADES CONGENITAS DE LA MANO SOD,REEMPLAZA A,828201,REPARACION DE DEFORMIDADES CONGENITAS DE MANO
963900,IRRIGACION O ENEMA TRANSANAL SOD,REEMPLAZA A,963901,ENEMA O IRRIGACION TRANSANAL
970300,SUSTITUCION DE TUBO O DISPOSITIVO DE ENTEROSTOMIA DEL INTESTINO DELGADO SOD,REEMPLAZA A,970301,SUSTITUCION DE TUBO (SONDA) O DISPOSITIVO DE ENTEROSTOMIA DEL INTESTINO DELGADO
970400,SUSTITUCION DE TUBO O DISPOSITIVO DE ENTEROSTOMIA DEL INTESTINO GRUESO SOD,REEMPLAZA A,970401,SUSTITUCION DE TUBO (SONDA) O DISPOSITIVO DE ENTEROSTOMIA DEL INTESTINO GRUESO
970500,SUSTITUCION DE TUBO O DISPOSITIVO EN VIAS BILIARES O CONDUCTO PANCREATICO SOD,REEMPLAZA A,970501,SUSTITUCION DE TUBO (SONDA) O DISPOSITIVO EN VIAS BILIARES O CONDUCTO PANCREATICO
863800,ABLACION DE LESIONES CUTANEAS (TATUAJE) POR HAZ DE LASER SOD,REEMPLAZA A,863604,ABLACION DE TELANGIECTASIAS POR HAZ DE LASER
244109,RESECCION DE LESION ODONTOGENICA SOD,MODIFICA LA DESCRIPCIÓN DE,244109,RESECCION DE LESION ODONTOGENICA
901234,NOCARDIA SPP CULTIVO HONGOS,MODIFICA LA DESCRIPCIÓN DE,901234,NOCARDIA SPP CULTIVO
;,;,CÓDIGO ELIMINADO,644920,PLASTIA DE FRENILLO PENEAL
;,;,CÓDIGO ELIMINADO,902025,HEPARINA NO FRACCIONADA DOSIFICACION
;,;,CÓDIGO ELIMINADO,908402,BCL-2 TRANSLOCACION (14;18)
;,;,CÓDIGO ELIMINADO,908403,BCR/ABL TRANSLOCACION DE GENES CUALITATIVO
;,;,CÓDIGO ELIMINADO,908404,CARIOTIPO CON BANDEO G
;,;,CÓDIGO ELIMINADO,908405,CARIOTIPO CON BANDEO Q
;,;,CÓDIGO ELIMINADO,908406,CARIOTIPO CON BANDEO C
;,;,CÓDIGO ELIMINADO,908407,CARIOTIPO CON BANDEO RT
;,;,CÓDIGO ELIMINADO,908410,CARIOTIPO PARA CROMOSOMA FILADELFIA
;,;,CÓDIGO ELIMINADO,908412,ESTUDIO MOLECULAR DE ENFERMEDADES
;,;,CÓDIGO ELIMINADO,908415,REORGANIZACION DE GENE BCR/ABL
;,;,CÓDIGO ELIMINADO,908416,ESTUDIO DE PENETRACION DE ESPERMATOZOIDES EN OOCITOS DESNUDOS DE HAMSTER
;,;,CÓDIGO ELIMINADO,908417,BCR/ABL TRANSLOCACION DE GENES CUANTITATIVO
;,;,CÓDIGO ELIMINADO,908425,ESTUDIOS GENETICOS DE LOS CROMOSOMAS 14 23 Y 1
;,;,CÓDIGO ELIMINADO,908429,CARIOTIPO PARA ANEMIA DE FANCONI
;,;,CÓDIGO ELIMINADO,908430,ABL MUTACION DE LA REGION TIROSINA KINASA
;,;,CÓDIGO ELIMINADO,908431,CARIOTIPO EN RESTOS OVULARES O MATERIAL DE ABORTO
;,;,CÓDIGO ELIMINADO,908432,BRCA1 Y BRCA2 PERFIL COLOMBIA
;,;,CÓDIGO ELIMINADO,908437,PRF1 SECUENCIACION DE EXONES 2 Y 3
;,;,CÓDIGO ELIMINADO,920106,GAMAGRAFIA METABOLICA CEREBRAL CON 18- FDG.
;,;,CÓDIGO ELIMINADO,920413,GAMAGRAFIA DE VIABILIDAD MIOCARDICA CON 18 FDG.
;,;,CÓDIGO ELIMINADO,921302,GAMAGRAFIA TUMORAL CON 18 FDG.
;,;,CÓDIGO ELIMINADO,921303,GAMAGRAFIA TUMORAL CON 11 C. METIONINA
;,;,CÓDIGO ELIMINADO,921401,TOMOGRAFIA POR EMISION DE POSITRONES [PET-TC]
;,;,CÓDIGO ELIMINADO,922801,TERAPIA CON RADIOISOTOPOS
;,;,CÓDIGO NUEVO,427403,ESOFAGOCARDIOMIOTOMIA ENDOSCOPICA POR VIA ORAL [POEM]
;,;,CÓDIGO NUEVO,434104,OBLITERACION DE VARICES GASTRICAS
;,;,CÓDIGO NUEVO,437103,GASTROYEYUNOSTOMIA VIA ENDOSCOPICA
;,;,CÓDIGO NUEVO,446503,GASTROPLASTIA VIA ENDOSCOPICA
;,;,CÓDIGO NUEVO,449703,DERIVACION BILIOPANCREATICA INTESTINAL VIA ENDOSCOPICA
;,;,CÓDIGO NUEVO,451311,ENTEROSCOPIA O ENDOSCOPIA DE INTESTINO DELGADO TOTAL
;,;,CÓDIGO NUEVO,492102,ANOSCOPIA DE ALTA RESOLUCION
;,;,CÓDIGO NUEVO,512603,ABLACION DE LESION DE VIA BILIAR
;,;,CÓDIGO NUEVO,520103,DRENAJE DE COLECCION DE PANCREAS VIA ENDOSCOPICA
;,;,CÓDIGO NUEVO,522204,ABLACION DE LESION DE PANCREAS
;,;,CÓDIGO NUEVO,863605,ABLACION DE TELANGIECTASIAS POR RADIOFRECUENCIA
;,;,CÓDIGO NUEVO,879303,TOMOGRAFIA COMPUTADA DE TORAX DE BAJA DOSIS (TC-BD)
;,;,CÓDIGO NUEVO,879304,TOMOGRAFIA COMPUTADA DE TORAX DE ALTA RESOLUCION (TCAR)
;,;,CÓDIGO NUEVO,881361,ECOGRAFIA INTESTINAL CON ANALISIS DOPPLER
;,;,CÓDIGO NUEVO,881707,ECOGRAFIA ENDOSCOPICA COMO GUIA PARA PROCEDIMIENTOS
;,;,CÓDIGO NUEVO,882104,ECOGRAFIA DOPPLER TRANSCRANEAL DINAMICA
;,;,CÓDIGO NUEVO,890299,CONSULTA DE PRIMERA VEZ POR ESPECIALISTA EN INFECTOLOGIA PEDIATRICA
;,;,CÓDIGO NUEVO,890399,CONSULTA DE CONTROL O DE SEGUIMIENTO POR ESPECIALISTA EN INFECTOLOGIA PEDIATRICA
;,;,CÓDIGO NUEVO,890498,INTERCONSULTA POR ESPECIALISTA EN INFECTOLOGIA PEDIATRICA
;,;,CÓDIGO NUEVO,901243,HEMOCULTIVO PARA MICOBACTERIAS CADA MUESTRA
;,;,CÓDIGO NUEVO,903896,CISTATINA C
;,;,CÓDIGO NUEVO,905107,HEPARINA NO FRACCIONADA DOSIFICACION
;,;,CÓDIGO NUEVO,908442,ESTUDIO MOLECULAR DE SECUENCIA DE GENOMA COMPLETO
;,;,CÓDIGO NUEVO,908443,ESTUDIO MOLECULAR DE ADN LIBRE CIRCULANTE (ESPECIFICO)
;,;,CÓDIGO NUEVO,908444,ESTUDIO MOLECULAR DE EXPANSION DE MUTACIONES DINAMICAS (ESPECIFICO)
;,;,CÓDIGO NUEVO,908445,ESTUDIO MOLECULAR DE ARN O MICRO ARN (ESPECIFICO)
;,;,CÓDIGO NUEVO,908446,ESTUDIO MOLECULAR DE METILACION O IMPRONTA [IMPRINTING] EN GENES (ESPECIFICO)
;,;,CÓDIGO NUEVO,908447,ESTUDIO MOLECULAR DE SECUENCIA DE EXOMA (ESPECIFICO)
;,;,CÓDIGO NUEVO,921402,TOMOGRAFIA POR EMISION DE POSITRONES [PET-TC] CON 18- FLUOR
;,;,CÓDIGO NUEVO,921403,TOMOGRAFIA POR EMISION DE POSITRONES [PET-TC] CON CARBONO 11
;,;,CÓDIGO NUEVO,921404,TOMOGRAFIA POR EMISION DE POSITRONES [PET-TC] CON GALIO 68
;,;,CÓDIGO NUEVO,921405,TOMOGRAFIA POR EMISION DE POSITRONES [PET-TC] CON PSMA
;,;,CÓDIGO NUEVO,921406,TOMOGRAFIA POR EMISION DE POSITRONES [PET-TC] CON NAF
;,;,CÓDIGO NUEVO,921501,TOMOGAMMAGRAFIA [SPECT/TC]
;,;,CÓDIGO NUEVO,921902,RADIOMARCACION O RADIOLOCALIZACION DE LESIONES OCULTAS
;,;,CÓDIGO NUEVO,922802,TERAPIA CON LUTECIO 177
;,;,CÓDIGO NUEVO,922803,TERAPIA CON YODO RADIACTIVO (131-I)
;,;,CÓDIGO NUEVO,922804,TERAPIA CON RADIO 223
;,;,CÓDIGO NUEVO,922806,TERAPIA CON OTRO RADIOISOTOPO
;,;,CÓDIGO NUEVO,933401,TERAPIA DE REHABILITACION VASCULAR PERIFERICA
;,;,CÓDIGO NUEVO,933402,TERAPIA DE REHABILITACION LINFATICA
;,;,CÓDIGO NUEVO,954315,PRUEBA DE RECONOCIMIENTO AUDITIVO DE FRASES FONETICAMENTE BALANCEADAS EN RUIDO
;,;,CÓDIGO NUEVO,954316,PRUEBA DE RUIDO DE EQUALIZACION DE UMBRAL
